season,city,team1,team2,toss_winner,toss_decision,result,dl_applied,winner,win_by_runs,win_by_wickets,player_of_match,venue,umpire1,umpire2,umpire3
2008,Bangalore,Kolkata Knight Riders,Royal Challengers Bangalore,Royal Challengers Bangalore,field,normal,0,Kolkata Knight Riders,140,0,BB McCullum,M Chinnaswamy Stadium,Asad Rauf,RE Koertzen,
2008,Chandigarh,Chennai Super Kings,Kings XI Punjab,Chennai Super Kings,bat,normal,0,Chennai Super Kings,33,0,MEK Hussey,"Punjab Cricket Association Stadium, Mohali",MR Benson,SL Shastri,
2008,Delhi,Rajasthan Royals,Delhi Daredevils,Rajasthan Royals,bat,normal,0,Delhi Daredevils,0,9,MF Maharoof,Feroz Shah Kotla,Aleem Dar,GA Pratapkumar,
2008,Mumbai,Mumbai Indians,Royal Challengers Bangalore,Mumbai Indians,bat,normal,0,Royal Challengers Bangalore,0,5,MV Boucher,Wankhede Stadium,SJ Davis,DJ Harper,
2008,Kolkata,Deccan Chargers,Kolkata Knight Riders,Deccan Chargers,bat,normal,0,Kolkata Knight Riders,0,5,DJ Hussey,Eden Gardens,BF Bowden,K Hariharan,
2008,Jaipur,Kings XI Punjab,Rajasthan Royals,Kings XI Punjab,bat,normal,0,Rajasthan Royals,0,6,SR Watson,Sawai Mansingh Stadium,Aleem Dar,RB Tiffin,
2008,Hyderabad,Deccan Chargers,Delhi Daredevils,Deccan Chargers,bat,normal,0,Delhi Daredevils,0,9,V Sehwag,"Rajiv Gandhi International Stadium, Uppal",IL Howell,AM Saheba,
2008,Chennai,Chennai Super Kings,Mumbai Indians,Mumbai Indians,field,normal,0,Chennai Super Kings,6,0,ML Hayden,"MA Chidambaram Stadium, Chepauk",DJ Harper,GA Pratapkumar,
2008,Hyderabad,Deccan Chargers,Rajasthan Royals,Rajasthan Royals,field,normal,0,Rajasthan Royals,0,3,YK Pathan,"Rajiv Gandhi International Stadium, Uppal",Asad Rauf,MR Benson,
2008,Chandigarh,Kings XI Punjab,Mumbai Indians,Mumbai Indians,field,normal,0,Kings XI Punjab,66,0,KC Sangakkara,"Punjab Cricket Association Stadium, Mohali",Aleem Dar,AM Saheba,
2008,Bangalore,Royal Challengers Bangalore,Rajasthan Royals,Rajasthan Royals,field,normal,0,Rajasthan Royals,0,7,SR Watson,M Chinnaswamy Stadium,MR Benson,IL Howell,
2008,Chennai,Kolkata Knight Riders,Chennai Super Kings,Kolkata Knight Riders,bat,normal,0,Chennai Super Kings,0,9,JDP Oram,"MA Chidambaram Stadium, Chepauk",BF Bowden,AV Jayaprakash,
2008,Mumbai,Mumbai Indians,Deccan Chargers,Deccan Chargers,field,normal,0,Deccan Chargers,0,10,AC Gilchrist,Dr DY Patil Sports Academy,Asad Rauf,SL Shastri,
2008,Chandigarh,Delhi Daredevils,Kings XI Punjab,Delhi Daredevils,bat,normal,0,Kings XI Punjab,0,4,SM Katich,"Punjab Cricket Association Stadium, Mohali",RE Koertzen,I Shivram,
2008,Bangalore,Chennai Super Kings,Royal Challengers Bangalore,Chennai Super Kings,bat,normal,0,Chennai Super Kings,13,0,MS Dhoni,M Chinnaswamy Stadium,BR Doctrove,RB Tiffin,
2008,Kolkata,Kolkata Knight Riders,Mumbai Indians,Kolkata Knight Riders,bat,normal,0,Mumbai Indians,0,7,ST Jayasuriya,Eden Gardens,BF Bowden,AV Jayaprakash,
2008,Delhi,Delhi Daredevils,Royal Challengers Bangalore,Royal Challengers Bangalore,field,normal,0,Delhi Daredevils,10,0,GD McGrath,Feroz Shah Kotla,Aleem Dar,I Shivram,
2008,Hyderabad,Deccan Chargers,Kings XI Punjab,Kings XI Punjab,field,normal,0,Kings XI Punjab,0,7,SE Marsh,"Rajiv Gandhi International Stadium, Uppal",BR Doctrove,RB Tiffin,
2008,Jaipur,Rajasthan Royals,Kolkata Knight Riders,Rajasthan Royals,bat,normal,0,Rajasthan Royals,45,0,SA Asnodkar,Sawai Mansingh Stadium,RE Koertzen,GA Pratapkumar,
2008,Chennai,Chennai Super Kings,Delhi Daredevils,Chennai Super Kings,bat,normal,0,Delhi Daredevils,0,8,V Sehwag,"MA Chidambaram Stadium, Chepauk",BF Bowden,K Hariharan,
2008,Hyderabad,Deccan Chargers,Royal Challengers Bangalore,Deccan Chargers,bat,normal,0,Royal Challengers Bangalore,0,5,R Vinay Kumar,"Rajiv Gandhi International Stadium, Uppal",Asad Rauf,RE Koertzen,
2008,Chandigarh,Kings XI Punjab,Kolkata Knight Riders,Kings XI Punjab,bat,normal,0,Kings XI Punjab,9,0,IK Pathan,"Punjab Cricket Association Stadium, Mohali",DJ Harper,I Shivram,
2008,Mumbai,Mumbai Indians,Delhi Daredevils,Delhi Daredevils,field,normal,0,Mumbai Indians,29,0,SM Pollock,Dr DY Patil Sports Academy,IL Howell,RE Koertzen,
2008,Jaipur,Chennai Super Kings,Rajasthan Royals,Chennai Super Kings,bat,normal,0,Rajasthan Royals,0,8,Sohail Tanvir,Sawai Mansingh Stadium,Asad Rauf,AV Jayaprakash,
2008,Bangalore,Royal Challengers Bangalore,Kings XI Punjab,Kings XI Punjab,field,normal,0,Kings XI Punjab,0,6,S Sreesanth,M Chinnaswamy Stadium,SJ Davis,BR Doctrove,
2008,Chennai,Chennai Super Kings,Deccan Chargers,Deccan Chargers,field,normal,0,Deccan Chargers,0,7,AC Gilchrist,"MA Chidambaram Stadium, Chepauk",MR Benson,RB Tiffin,
2008,Mumbai,Rajasthan Royals,Mumbai Indians,Mumbai Indians,field,normal,0,Mumbai Indians,0,7,A Nehra,Dr DY Patil Sports Academy,DJ Harper,RE Koertzen,
2008,Delhi,Delhi Daredevils,Chennai Super Kings,Chennai Super Kings,field,normal,0,Chennai Super Kings,0,4,MS Dhoni,Feroz Shah Kotla,Aleem Dar,RB Tiffin,
2008,Kolkata,Kolkata Knight Riders,Royal Challengers Bangalore,Kolkata Knight Riders,bat,normal,0,Kolkata Knight Riders,5,0,SC Ganguly,Eden Gardens,Asad Rauf,IL Howell,
2008,Jaipur,Deccan Chargers,Rajasthan Royals,Rajasthan Royals,field,normal,0,Rajasthan Royals,0,8,YK Pathan,Sawai Mansingh Stadium,MR Benson,AM Saheba,
2008,Bangalore,Royal Challengers Bangalore,Mumbai Indians,Mumbai Indians,field,normal,0,Mumbai Indians,0,9,CRD Fernando,M Chinnaswamy Stadium,BF Bowden,AV Jayaprakash,
2008,Chennai,Chennai Super Kings,Kings XI Punjab,Kings XI Punjab,field,normal,0,Chennai Super Kings,18,0,L Balaji,"MA Chidambaram Stadium, Chepauk",AV Jayaprakash,BG Jerling,
2008,Hyderabad,Kolkata Knight Riders,Deccan Chargers,Kolkata Knight Riders,bat,normal,0,Kolkata Knight Riders,23,0,SC Ganguly,"Rajiv Gandhi International Stadium, Uppal",IL Howell,AM Saheba,
2008,Jaipur,Delhi Daredevils,Rajasthan Royals,Rajasthan Royals,field,normal,0,Rajasthan Royals,0,3,SR Watson,Sawai Mansingh Stadium,SJ Davis,RE Koertzen,
2008,Chandigarh,Royal Challengers Bangalore,Kings XI Punjab,Royal Challengers Bangalore,bat,normal,0,Kings XI Punjab,0,9,SE Marsh,"Punjab Cricket Association Stadium, Mohali",BR Doctrove,I Shivram,
2008,Kolkata,Kolkata Knight Riders,Delhi Daredevils,Kolkata Knight Riders,bat,normal,0,Kolkata Knight Riders,23,0,Shoaib Akhtar,Eden Gardens,Asad Rauf,IL Howell,
2008,Mumbai,Chennai Super Kings,Mumbai Indians,Mumbai Indians,field,normal,0,Mumbai Indians,0,9,ST Jayasuriya,Wankhede Stadium,BR Doctrove,AM Saheba,
2008,Chandigarh,Kings XI Punjab,Rajasthan Royals,Rajasthan Royals,field,normal,0,Kings XI Punjab,41,0,SE Marsh,"Punjab Cricket Association Stadium, Mohali",SJ Davis,K Hariharan,
2008,Delhi,Delhi Daredevils,Deccan Chargers,Deccan Chargers,field,normal,0,Delhi Daredevils,12,0,A Mishra,Feroz Shah Kotla,BG Jerling,GA Pratapkumar,
2008,Mumbai,Kolkata Knight Riders,Mumbai Indians,Mumbai Indians,field,normal,0,Mumbai Indians,0,8,SM Pollock,Wankhede Stadium,BR Doctrove,DJ Harper,
2008,Delhi,Delhi Daredevils,Kings XI Punjab,Delhi Daredevils,bat,normal,1,Kings XI Punjab,6,0,DPMD Jayawardene,Feroz Shah Kotla,AV Jayaprakash,RE Koertzen,
2008,Jaipur,Rajasthan Royals,Royal Challengers Bangalore,Royal Challengers Bangalore,field,normal,0,Rajasthan Royals,65,0,GC Smith,Sawai Mansingh Stadium,BF Bowden,SL Shastri,
2008,Hyderabad,Mumbai Indians,Deccan Chargers,Deccan Chargers,field,normal,0,Mumbai Indians,25,0,DJ Bravo,"Rajiv Gandhi International Stadium, Uppal",BR Doctrove,DJ Harper,
2008,Kolkata,Kolkata Knight Riders,Chennai Super Kings,Kolkata Knight Riders,bat,normal,1,Chennai Super Kings,3,0,M Ntini,Eden Gardens,Asad Rauf,K Hariharan,
2008,Bangalore,Royal Challengers Bangalore,Delhi Daredevils,Delhi Daredevils,field,normal,0,Delhi Daredevils,0,5,SP Goswami,M Chinnaswamy Stadium,SJ Davis,GA Pratapkumar,
2008,Kolkata,Kolkata Knight Riders,Rajasthan Royals,Rajasthan Royals,field,normal,0,Rajasthan Royals,0,6,YK Pathan,Eden Gardens,BG Jerling,RE Koertzen,
2008,Mumbai,Kings XI Punjab,Mumbai Indians,Mumbai Indians,field,normal,0,Kings XI Punjab,1,0,SE Marsh,Wankhede Stadium,BF Bowden,GA Pratapkumar,
2008,Chennai,Royal Challengers Bangalore,Chennai Super Kings,Royal Challengers Bangalore,bat,normal,0,Royal Challengers Bangalore,14,0,A Kumble,"MA Chidambaram Stadium, Chepauk",DJ Harper,I Shivram,
2008,Chandigarh,Deccan Chargers,Kings XI Punjab,Kings XI Punjab,field,normal,0,Kings XI Punjab,0,6,SE Marsh,"Punjab Cricket Association Stadium, Mohali",Asad Rauf,SJ Davis,
2008,Delhi,Mumbai Indians,Delhi Daredevils,Delhi Daredevils,field,normal,0,Delhi Daredevils,0,5,KD Karthik,Feroz Shah Kotla,BF Bowden,K Hariharan,
2008,Chennai,Rajasthan Royals,Chennai Super Kings,Rajasthan Royals,bat,normal,0,Rajasthan Royals,10,0,JA Morkel,"MA Chidambaram Stadium, Chepauk",DJ Harper,SL Shastri,
2008,Bangalore,Royal Challengers Bangalore,Deccan Chargers,Deccan Chargers,field,normal,0,Royal Challengers Bangalore,3,0,P Kumar,M Chinnaswamy Stadium,BR Doctrove,SL Shastri,
2008,Kolkata,Kings XI Punjab,Kolkata Knight Riders,Kings XI Punjab,bat,normal,0,Kolkata Knight Riders,0,3,Umar Gul,Eden Gardens,SJ Davis,I Shivram,
2008,Jaipur,Mumbai Indians,Rajasthan Royals,Rajasthan Royals,field,normal,0,Rajasthan Royals,0,5,Sohail Tanvir,Sawai Mansingh Stadium,BF Bowden,K Hariharan,
2008,Hyderabad,Deccan Chargers,Chennai Super Kings,Deccan Chargers,bat,normal,0,Chennai Super Kings,0,7,SK Raina,"Rajiv Gandhi International Stadium, Uppal",BG Jerling,AM Saheba,
2008,Mumbai,Rajasthan Royals,Delhi Daredevils,Delhi Daredevils,field,normal,0,Rajasthan Royals,105,0,SR Watson,Wankhede Stadium,BF Bowden,RE Koertzen,
2008,Mumbai,Kings XI Punjab,Chennai Super Kings,Kings XI Punjab,bat,normal,0,Chennai Super Kings,0,9,M Ntini,Wankhede Stadium,Asad Rauf,DJ Harper,
2008,Mumbai,Chennai Super Kings,Rajasthan Royals,Rajasthan Royals,field,normal,0,Rajasthan Royals,0,3,YK Pathan,Dr DY Patil Sports Academy,BF Bowden,RE Koertzen,
2009,Cape Town,Mumbai Indians,Chennai Super Kings,Chennai Super Kings,field,normal,0,Mumbai Indians,19,0,SR Tendulkar,Newlands,BR Doctrove,K Hariharan,
2009,Cape Town,Royal Challengers Bangalore,Rajasthan Royals,Royal Challengers Bangalore,bat,normal,0,Royal Challengers Bangalore,75,0,R Dravid,Newlands,BR Doctrove,RB Tiffin,
2009,Cape Town,Kings XI Punjab,Delhi Daredevils,Delhi Daredevils,field,normal,1,Delhi Daredevils,0,10,DL Vettori,Newlands,MR Benson,SD Ranade,
2009,Cape Town,Kolkata Knight Riders,Deccan Chargers,Kolkata Knight Riders,bat,normal,0,Deccan Chargers,0,8,RP Singh,Newlands,MR Benson,BR Doctrove,
2009,Port Elizabeth,Chennai Super Kings,Royal Challengers Bangalore,Chennai Super Kings,bat,normal,0,Chennai Super Kings,92,0,M Muralitharan,St George's Park,BG Jerling,SJA Taufel,
2009,Durban,Kings XI Punjab,Kolkata Knight Riders,Kolkata Knight Riders,field,normal,1,Kolkata Knight Riders,11,0,CH Gayle,Kingsmead,DJ Harper,SD Ranade,
2009,Cape Town,Deccan Chargers,Royal Challengers Bangalore,Deccan Chargers,bat,normal,0,Deccan Chargers,24,0,AC Gilchrist,Newlands,M Erasmus,AM Saheba,
2009,Durban,Delhi Daredevils,Chennai Super Kings,Delhi Daredevils,bat,normal,0,Delhi Daredevils,9,0,AB de Villiers,Kingsmead,BR Doctrove,SJA Taufel,
2009,Cape Town,Rajasthan Royals,Kolkata Knight Riders,Kolkata Knight Riders,field,tie,0,Rajasthan Royals,0,0,YK Pathan,Newlands,MR Benson,M Erasmus,
2009,Durban,Royal Challengers Bangalore,Kings XI Punjab,Royal Challengers Bangalore,bat,normal,0,Kings XI Punjab,0,7,RS Bopara,Kingsmead,BR Doctrove,TH Wijewardene,
2009,Durban,Deccan Chargers,Mumbai Indians,Deccan Chargers,bat,normal,0,Deccan Chargers,12,0,PP Ojha,Kingsmead,HDPK Dharmasena,SJA Taufel,
2009,Port Elizabeth,Royal Challengers Bangalore,Delhi Daredevils,Royal Challengers Bangalore,bat,normal,0,Delhi Daredevils,0,6,TM Dilshan,St George's Park,S Asnani,BG Jerling,
2009,Cape Town,Kings XI Punjab,Rajasthan Royals,Kings XI Punjab,bat,normal,0,Kings XI Punjab,27,0,KC Sangakkara,Newlands,M Erasmus,K Hariharan,
2009,Durban,Chennai Super Kings,Deccan Chargers,Deccan Chargers,field,normal,0,Deccan Chargers,0,6,HH Gibbs,Kingsmead,IL Howell,TH Wijewardene,
2009,Port Elizabeth,Mumbai Indians,Kolkata Knight Riders,Mumbai Indians,bat,normal,0,Mumbai Indians,92,0,SR Tendulkar,St George's Park,BG Jerling,RB Tiffin,
2009,Centurion,Delhi Daredevils,Rajasthan Royals,Delhi Daredevils,bat,normal,0,Rajasthan Royals,0,5,YK Pathan,SuperSport Park,GAV Baxter,RE Koertzen,
2009,Durban,Kolkata Knight Riders,Royal Challengers Bangalore,Kolkata Knight Riders,bat,normal,0,Royal Challengers Bangalore,0,5,MV Boucher,Kingsmead,MR Benson,TH Wijewardene,
2009,Durban,Kings XI Punjab,Mumbai Indians,Kings XI Punjab,bat,normal,0,Kings XI Punjab,3,0,KC Sangakkara,Kingsmead,MR Benson,SL Shastri,
2009,Centurion,Deccan Chargers,Delhi Daredevils,Delhi Daredevils,field,normal,0,Delhi Daredevils,0,6,DP Nannes,SuperSport Park,GAV Baxter,AM Saheba,
2009,Centurion,Chennai Super Kings,Rajasthan Royals,Rajasthan Royals,field,normal,0,Chennai Super Kings,38,0,SK Raina,SuperSport Park,GAV Baxter,RE Koertzen,
2009,East London,Mumbai Indians,Kolkata Knight Riders,Mumbai Indians,bat,normal,0,Mumbai Indians,9,0,JP Duminy,Buffalo Park,M Erasmus,SK Tarapore,
2009,Durban,Royal Challengers Bangalore,Kings XI Punjab,Royal Challengers Bangalore,bat,normal,0,Royal Challengers Bangalore,8,0,Yuvraj Singh,Kingsmead,HDPK Dharmasena,S Ravi,
2009,Port Elizabeth,Deccan Chargers,Rajasthan Royals,Deccan Chargers,bat,normal,0,Rajasthan Royals,0,3,YK Pathan,St George's Park,S Asnani,BG Jerling,
2009,Johannesburg,Chennai Super Kings,Delhi Daredevils,Delhi Daredevils,field,normal,0,Chennai Super Kings,18,0,SB Jakati,New Wanderers Stadium,DJ Harper,RE Koertzen,
2009,Port Elizabeth,Kolkata Knight Riders,Kings XI Punjab,Kolkata Knight Riders,bat,normal,0,Kings XI Punjab,0,6,DPMD Jayawardene,St George's Park,S Asnani,MR Benson,
2009,Johannesburg,Mumbai Indians,Royal Challengers Bangalore,Mumbai Indians,bat,normal,0,Royal Challengers Bangalore,0,9,JH Kallis,New Wanderers Stadium,RE Koertzen,TH Wijewardene,
2009,East London,Chennai Super Kings,Deccan Chargers,Chennai Super Kings,bat,normal,0,Chennai Super Kings,78,0,MS Dhoni,Buffalo Park,BR Doctrove,M Erasmus,
2009,Durban,Rajasthan Royals,Kings XI Punjab,Kings XI Punjab,field,normal,0,Rajasthan Royals,78,0,GC Smith,Kingsmead,SS Hazare,IL Howell,
2009,Durban,Kolkata Knight Riders,Delhi Daredevils,Kolkata Knight Riders,bat,normal,0,Delhi Daredevils,0,9,G Gambhir,Kingsmead,GAV Baxter,IL Howell,
2009,Centurion,Deccan Chargers,Mumbai Indians,Deccan Chargers,bat,normal,0,Deccan Chargers,19,0,RG Sharma,SuperSport Park,MR Benson,HDPK Dharmasena,
2009,Centurion,Royal Challengers Bangalore,Rajasthan Royals,Rajasthan Royals,field,normal,0,Rajasthan Royals,0,7,A Singh,SuperSport Park,K Hariharan,DJ Harper,
2009,Centurion,Chennai Super Kings,Kings XI Punjab,Chennai Super Kings,bat,normal,1,Chennai Super Kings,12,0,ML Hayden,SuperSport Park,DJ Harper,TH Wijewardene,
2009,East London,Mumbai Indians,Delhi Daredevils,Mumbai Indians,bat,normal,0,Delhi Daredevils,0,7,A Nehra,Buffalo Park,M Erasmus,SK Tarapore,
2009,Kimberley,Deccan Chargers,Kings XI Punjab,Kings XI Punjab,field,normal,0,Kings XI Punjab,0,3,DPMD Jayawardene,De Beers Diamond Oval,GAV Baxter,AM Saheba,
2009,Kimberley,Rajasthan Royals,Chennai Super Kings,Rajasthan Royals,bat,normal,0,Chennai Super Kings,0,7,S Badrinath,De Beers Diamond Oval,GAV Baxter,HDPK Dharmasena,
2009,Port Elizabeth,Mumbai Indians,Royal Challengers Bangalore,Mumbai Indians,bat,normal,0,Mumbai Indians,16,0,JP Duminy,St George's Park,BR Doctrove,BG Jerling,
2009,Johannesburg,Kolkata Knight Riders,Delhi Daredevils,Delhi Daredevils,field,normal,0,Delhi Daredevils,0,7,A Mishra,New Wanderers Stadium,SL Shastri,RB Tiffin,
2009,Kimberley,Deccan Chargers,Rajasthan Royals,Deccan Chargers,bat,normal,0,Deccan Chargers,53,0,DR Smith,De Beers Diamond Oval,GAV Baxter,HDPK Dharmasena,
2009,Centurion,Kolkata Knight Riders,Royal Challengers Bangalore,Royal Challengers Bangalore,field,normal,0,Royal Challengers Bangalore,0,6,LRPL Taylor,SuperSport Park,M Erasmus,SS Hazare,
2009,Centurion,Kings XI Punjab,Mumbai Indians,Kings XI Punjab,bat,normal,0,Mumbai Indians,0,8,Harbhajan Singh,SuperSport Park,SS Hazare,RE Koertzen,
2009,Durban,Delhi Daredevils,Deccan Chargers,Deccan Chargers,field,normal,0,Delhi Daredevils,12,0,R Bhatia,Kingsmead,DJ Harper,SL Shastri,
2009,Durban,Chennai Super Kings,Royal Challengers Bangalore,Chennai Super Kings,bat,normal,0,Royal Challengers Bangalore,0,2,LRPL Taylor,Kingsmead,BR Doctrove,DJ Harper,
2009,Durban,Rajasthan Royals,Mumbai Indians,Rajasthan Royals,bat,normal,0,Rajasthan Royals,2,0,SK Warne,Kingsmead,BR Doctrove,DJ Harper,
2009,Bloemfontein,Delhi Daredevils,Kings XI Punjab,Kings XI Punjab,field,normal,0,Kings XI Punjab,0,6,B Lee,OUTsurance Oval,HDPK Dharmasena,IL Howell,
2009,Port Elizabeth,Mumbai Indians,Chennai Super Kings,Mumbai Indians,bat,normal,0,Chennai Super Kings,0,7,ML Hayden,St George's Park,SK Tarapore,SJA Taufel,
2009,Johannesburg,Kolkata Knight Riders,Deccan Chargers,Deccan Chargers,field,normal,0,Deccan Chargers,0,6,RG Sharma,New Wanderers Stadium,RE Koertzen,S Ravi,
2009,Johannesburg,Kings XI Punjab,Deccan Chargers,Deccan Chargers,field,normal,0,Kings XI Punjab,1,0,Yuvraj Singh,New Wanderers Stadium,S Ravi,RB Tiffin,
2009,Bloemfontein,Delhi Daredevils,Rajasthan Royals,Delhi Daredevils,bat,normal,0,Delhi Daredevils,14,0,AB de Villiers,OUTsurance Oval,SS Hazare,IL Howell,
2009,Centurion,Chennai Super Kings,Kolkata Knight Riders,Chennai Super Kings,bat,normal,0,Kolkata Knight Riders,0,7,BJ Hodge,SuperSport Park,SJA Taufel,RB Tiffin,
2009,Johannesburg,Delhi Daredevils,Royal Challengers Bangalore,Delhi Daredevils,bat,normal,0,Royal Challengers Bangalore,0,7,JH Kallis,New Wanderers Stadium,IL Howell,RB Tiffin,
2009,Durban,Rajasthan Royals,Kolkata Knight Riders,Kolkata Knight Riders,field,normal,0,Kolkata Knight Riders,0,4,LR Shukla,Kingsmead,BG Jerling,SJA Taufel,
2009,Durban,Chennai Super Kings,Kings XI Punjab,Chennai Super Kings,bat,normal,0,Chennai Super Kings,24,0,M Muralitharan,Kingsmead,BG Jerling,SJA Taufel,
2009,Centurion,Mumbai Indians,Delhi Daredevils,Delhi Daredevils,field,normal,0,Delhi Daredevils,0,4,V Sehwag,SuperSport Park,IL Howell,S Ravi,
2009,Centurion,Royal Challengers Bangalore,Deccan Chargers,Royal Challengers Bangalore,bat,normal,0,Royal Challengers Bangalore,12,0,MK Pandey,SuperSport Park,IL Howell,S Ravi,
2009,Centurion,Delhi Daredevils,Deccan Chargers,Deccan Chargers,field,normal,0,Deccan Chargers,0,6,AC Gilchrist,SuperSport Park,BR Doctrove,DJ Harper,
2009,Johannesburg,Chennai Super Kings,Royal Challengers Bangalore,Royal Challengers Bangalore,field,normal,0,Royal Challengers Bangalore,0,6,MK Pandey,New Wanderers Stadium,RE Koertzen,SJA Taufel,
2009,Johannesburg,Deccan Chargers,Royal Challengers Bangalore,Royal Challengers Bangalore,field,normal,0,Deccan Chargers,6,0,A Kumble,New Wanderers Stadium,RE Koertzen,SJA Taufel,
2010,Mumbai,Kolkata Knight Riders,Deccan Chargers,Deccan Chargers,field,normal,0,Kolkata Knight Riders,11,0,AD Mathews,Dr DY Patil Sports Academy,RE Koertzen,RB Tiffin,
2010,Mumbai,Mumbai Indians,Rajasthan Royals,Mumbai Indians,bat,normal,0,Mumbai Indians,4,0,YK Pathan,Brabourne Stadium,RE Koertzen,RB Tiffin,
2010,Chandigarh,Kings XI Punjab,Delhi Daredevils,Delhi Daredevils,field,normal,0,Delhi Daredevils,0,5,G Gambhir,"Punjab Cricket Association Stadium, Mohali",BR Doctrove,S Ravi,
2010,Kolkata,Royal Challengers Bangalore,Kolkata Knight Riders,Kolkata Knight Riders,field,normal,0,Kolkata Knight Riders,0,7,MK Tiwary,Eden Gardens,HDPK Dharmasena,AM Saheba,
2010,Chennai,Deccan Chargers,Chennai Super Kings,Deccan Chargers,bat,normal,0,Deccan Chargers,31,0,WPUJC Vaas,"MA Chidambaram Stadium, Chepauk",K Hariharan,DJ Harper,
2010,Ahmedabad,Rajasthan Royals,Delhi Daredevils,Delhi Daredevils,field,normal,0,Delhi Daredevils,0,6,V Sehwag,"Sardar Patel Stadium, Motera",BG Jerling,RE Koertzen,
2010,Bangalore,Kings XI Punjab,Royal Challengers Bangalore,Kings XI Punjab,bat,normal,0,Royal Challengers Bangalore,0,8,JH Kallis,M Chinnaswamy Stadium,S Das,DJ Harper,
2010,Kolkata,Chennai Super Kings,Kolkata Knight Riders,Chennai Super Kings,bat,normal,0,Chennai Super Kings,55,0,MS Dhoni,Eden Gardens,HDPK Dharmasena,AM Saheba,
2010,Delhi,Mumbai Indians,Delhi Daredevils,Delhi Daredevils,field,normal,0,Mumbai Indians,98,0,SR Tendulkar,Feroz Shah Kotla,BR Doctrove,SK Tarapore,
2010,Bangalore,Rajasthan Royals,Royal Challengers Bangalore,Royal Challengers Bangalore,field,normal,0,Royal Challengers Bangalore,0,10,JH Kallis,M Chinnaswamy Stadium,K Hariharan,DJ Harper,
2010,Delhi,Delhi Daredevils,Chennai Super Kings,Delhi Daredevils,bat,normal,0,Chennai Super Kings,0,5,ML Hayden,Feroz Shah Kotla,BR Doctrove,SK Tarapore,
2010,Cuttack,Deccan Chargers,Kings XI Punjab,Kings XI Punjab,field,normal,0,Deccan Chargers,6,0,A Symonds,Barabati Stadium,BF Bowden,M Erasmus,
2010,Ahmedabad,Rajasthan Royals,Kolkata Knight Riders,Rajasthan Royals,bat,normal,0,Rajasthan Royals,34,0,AA Jhunjhunwala,"Sardar Patel Stadium, Motera",RE Koertzen,RB Tiffin,
2010,Mumbai,Mumbai Indians,Royal Challengers Bangalore,Mumbai Indians,bat,normal,0,Royal Challengers Bangalore,0,7,JH Kallis,Brabourne Stadium,HDPK Dharmasena,SS Hazare,
2010,Cuttack,Deccan Chargers,Delhi Daredevils,Deccan Chargers,bat,normal,0,Deccan Chargers,10,0,A Symonds,Barabati Stadium,BF Bowden,M Erasmus,
2010,Chennai,Kings XI Punjab,Chennai Super Kings,Chennai Super Kings,field,tie,0,Kings XI Punjab,0,0,J Theron,"MA Chidambaram Stadium, Chepauk",K Hariharan,DJ Harper,
2010,Mumbai,Kolkata Knight Riders,Mumbai Indians,Kolkata Knight Riders,bat,normal,0,Mumbai Indians,0,7,SR Tendulkar,Brabourne Stadium,SS Hazare,SJA Taufel,
2010,Bangalore,Royal Challengers Bangalore,Chennai Super Kings,Chennai Super Kings,field,normal,0,Royal Challengers Bangalore,36,0,RV Uthappa,M Chinnaswamy Stadium,RE Koertzen,RB Tiffin,
2010,Chandigarh,Rajasthan Royals,Kings XI Punjab,Kings XI Punjab,field,normal,0,Rajasthan Royals,31,0,AC Voges,"Punjab Cricket Association Stadium, Mohali",BR Doctrove,SK Tarapore,
2010,Mumbai,Chennai Super Kings,Mumbai Indians,Mumbai Indians,field,normal,0,Mumbai Indians,0,5,SR Tendulkar,Brabourne Stadium,BF Bowden,AM Saheba,
2010,Ahmedabad,Deccan Chargers,Rajasthan Royals,Deccan Chargers,bat,normal,0,Rajasthan Royals,0,8,YK Pathan,"Sardar Patel Stadium, Motera",HDPK Dharmasena,SJA Taufel,
2010,Chandigarh,Kolkata Knight Riders,Kings XI Punjab,Kolkata Knight Riders,bat,normal,0,Kolkata Knight Riders,39,0,MK Tiwary,"Punjab Cricket Association Stadium, Mohali",BR Doctrove,S Ravi,
2010,Bangalore,Delhi Daredevils,Royal Challengers Bangalore,Royal Challengers Bangalore,field,normal,0,Delhi Daredevils,17,0,KM Jadhav,M Chinnaswamy Stadium,BG Jerling,RE Koertzen,
2010,Ahmedabad,Rajasthan Royals,Chennai Super Kings,Rajasthan Royals,bat,normal,0,Rajasthan Royals,17,0,NV Ojha,"Sardar Patel Stadium, Motera",SS Hazare,SJA Taufel,
2010,Mumbai,Mumbai Indians,Deccan Chargers,Deccan Chargers,field,normal,0,Mumbai Indians,41,0,Harbhajan Singh,Dr DY Patil Sports Academy,S Das,K Hariharan,
2010,Delhi,Delhi Daredevils,Kolkata Knight Riders,Delhi Daredevils,bat,normal,0,Delhi Daredevils,40,0,DA Warner,Feroz Shah Kotla,SS Hazare,SJA Taufel,
2010,Mumbai,Kings XI Punjab,Mumbai Indians,Mumbai Indians,field,normal,0,Mumbai Indians,0,4,SL Malinga,Brabourne Stadium,BR Doctrove,SK Tarapore,
2010,Chennai,Royal Challengers Bangalore,Chennai Super Kings,Royal Challengers Bangalore,bat,normal,0,Chennai Super Kings,0,5,M Vijay,"MA Chidambaram Stadium, Chepauk",BG Jerling,RE Koertzen,
2010,Delhi,Delhi Daredevils,Rajasthan Royals,Delhi Daredevils,bat,normal,0,Delhi Daredevils,67,0,KD Karthik,Feroz Shah Kotla,HDPK Dharmasena,SJA Taufel,
2010,Kolkata,Kolkata Knight Riders,Deccan Chargers,Kolkata Knight Riders,bat,normal,0,Kolkata Knight Riders,24,0,SC Ganguly,Eden Gardens,K Hariharan,DJ Harper,
2010,Chandigarh,Kings XI Punjab,Royal Challengers Bangalore,Kings XI Punjab,bat,normal,0,Royal Challengers Bangalore,0,6,KP Pietersen,"Punjab Cricket Association Stadium, Mohali",BF Bowden,M Erasmus,
2010,Chennai,Chennai Super Kings,Rajasthan Royals,Chennai Super Kings,bat,normal,0,Chennai Super Kings,23,0,M Vijay,"MA Chidambaram Stadium, Chepauk",RE Koertzen,RB Tiffin,
2010,Mumbai,Mumbai Indians,Deccan Chargers,Mumbai Indians,bat,normal,0,Mumbai Indians,63,0,AT Rayudu,Brabourne Stadium,BR Doctrove,S Ravi,
2010,Kolkata,Kolkata Knight Riders,Kings XI Punjab,Kolkata Knight Riders,bat,normal,0,Kings XI Punjab,0,8,DPMD Jayawardene,Eden Gardens,S Asnani,DJ Harper,
2010,Delhi,Delhi Daredevils,Royal Challengers Bangalore,Delhi Daredevils,bat,normal,0,Delhi Daredevils,37,0,PD Collingwood,Feroz Shah Kotla,BF Bowden,M Erasmus,
2010,Nagpur,Rajasthan Royals,Deccan Chargers,Rajasthan Royals,bat,normal,0,Rajasthan Royals,2,0,SK Warne,"Vidarbha Cricket Association Stadium, Jamtha",HDPK Dharmasena,SJA Taufel,
2010,Chennai,Chennai Super Kings,Mumbai Indians,Chennai Super Kings,bat,normal,0,Chennai Super Kings,24,0,SK Raina,"MA Chidambaram Stadium, Chepauk",S Asnani,DJ Harper,
2010,Jaipur,Kings XI Punjab,Rajasthan Royals,Kings XI Punjab,bat,normal,0,Rajasthan Royals,0,9,MJ Lumb,Sawai Mansingh Stadium,S Ravi,SK Tarapore,
2010,Kolkata,Kolkata Knight Riders,Delhi Daredevils,Kolkata Knight Riders,bat,normal,0,Kolkata Knight Riders,14,0,SC Ganguly,Eden Gardens,BG Jerling,RE Koertzen,
2010,Bangalore,Royal Challengers Bangalore,Deccan Chargers,Deccan Chargers,field,normal,0,Deccan Chargers,0,7,TL Suman,M Chinnaswamy Stadium,S Asnani,DJ Harper,
2010,Chandigarh,Mumbai Indians,Kings XI Punjab,Mumbai Indians,bat,normal,0,Kings XI Punjab,0,6,KC Sangakkara,"Punjab Cricket Association Stadium, Mohali",M Erasmus,AM Saheba,
2010,Nagpur,Chennai Super Kings,Deccan Chargers,Chennai Super Kings,bat,normal,0,Deccan Chargers,0,6,RJ Harris,"Vidarbha Cricket Association Stadium, Jamtha",HDPK Dharmasena,SJA Taufel,
2010,Bangalore,Kolkata Knight Riders,Royal Challengers Bangalore,Royal Challengers Bangalore,field,normal,0,Royal Challengers Bangalore,0,7,R Vinay Kumar,M Chinnaswamy Stadium,K Hariharan,DJ Harper,
2010,Delhi,Delhi Daredevils,Kings XI Punjab,Delhi Daredevils,bat,normal,0,Kings XI Punjab,0,7,PP Chawla,Feroz Shah Kotla,BF Bowden,AM Saheba,
2010,Jaipur,Mumbai Indians,Rajasthan Royals,Rajasthan Royals,field,normal,0,Mumbai Indians,37,0,SR Tendulkar,Sawai Mansingh Stadium,BR Doctrove,SK Tarapore,
2010,Nagpur,Deccan Chargers,Royal Challengers Bangalore,Royal Challengers Bangalore,field,normal,0,Deccan Chargers,13,0,Harmeet Singh,"Vidarbha Cricket Association Stadium, Jamtha",RE Koertzen,RB Tiffin,
2010,Mumbai,Mumbai Indians,Delhi Daredevils,Mumbai Indians,bat,normal,0,Mumbai Indians,39,0,KA Pollard,Brabourne Stadium,S Asnani,DJ Harper,
2010,Chennai,Kolkata Knight Riders,Chennai Super Kings,Kolkata Knight Riders,bat,normal,0,Chennai Super Kings,0,9,R Ashwin,"MA Chidambaram Stadium, Chepauk",SS Hazare,SJA Taufel,
2010,Jaipur,Rajasthan Royals,Royal Challengers Bangalore,Rajasthan Royals,bat,normal,0,Royal Challengers Bangalore,0,5,KP Pietersen,Sawai Mansingh Stadium,BR Doctrove,S Ravi,
2010,Chennai,Chennai Super Kings,Delhi Daredevils,Chennai Super Kings,bat,normal,0,Delhi Daredevils,0,6,G Gambhir,"MA Chidambaram Stadium, Chepauk",HDPK Dharmasena,SS Hazare,
2010,Dharamsala,Kings XI Punjab,Deccan Chargers,Deccan Chargers,field,normal,0,Deccan Chargers,0,5,RG Sharma,Himachal Pradesh Cricket Association Stadium,M Erasmus,AM Saheba,
2010,Bangalore,Mumbai Indians,Royal Challengers Bangalore,Royal Challengers Bangalore,field,normal,0,Mumbai Indians,57,0,R McLaren,M Chinnaswamy Stadium,HDPK Dharmasena,SJA Taufel,
2010,Kolkata,Rajasthan Royals,Kolkata Knight Riders,Rajasthan Royals,bat,normal,0,Kolkata Knight Riders,0,8,JD Unadkat,Eden Gardens,BG Jerling,RB Tiffin,
2010,Dharamsala,Kings XI Punjab,Chennai Super Kings,Chennai Super Kings,field,normal,0,Chennai Super Kings,0,6,MS Dhoni,Himachal Pradesh Cricket Association Stadium,BF Bowden,AM Saheba,
2010,Delhi,Deccan Chargers,Delhi Daredevils,Deccan Chargers,bat,normal,0,Deccan Chargers,11,0,A Symonds,Feroz Shah Kotla,BR Doctrove,SK Tarapore,
2010,Kolkata,Mumbai Indians,Kolkata Knight Riders,Mumbai Indians,bat,normal,0,Kolkata Knight Riders,0,9,M Kartik,Eden Gardens,BG Jerling,RE Koertzen,
2010,Mumbai,Mumbai Indians,Royal Challengers Bangalore,Mumbai Indians,bat,normal,0,Mumbai Indians,35,0,KA Pollard,Dr DY Patil Sports Academy,BR Doctrove,RB Tiffin,
2010,Mumbai,Chennai Super Kings,Deccan Chargers,Chennai Super Kings,bat,normal,0,Chennai Super Kings,38,0,DE Bollinger,Dr DY Patil Sports Academy,BR Doctrove,RB Tiffin,
2010,Mumbai,Deccan Chargers,Royal Challengers Bangalore,Deccan Chargers,bat,normal,0,Royal Challengers Bangalore,0,9,A Kumble,Dr DY Patil Sports Academy,RE Koertzen,SJA Taufel,
2010,Mumbai,Chennai Super Kings,Mumbai Indians,Chennai Super Kings,bat,normal,0,Chennai Super Kings,22,0,SK Raina,Dr DY Patil Sports Academy,RE Koertzen,SJA Taufel,
2011,Chennai,Chennai Super Kings,Kolkata Knight Riders,Chennai Super Kings,bat,normal,0,Chennai Super Kings,2,0,S Anirudha,"MA Chidambaram Stadium, Chepauk",BR Doctrove,PR Reiffel,
2011,Hyderabad,Deccan Chargers,Rajasthan Royals,Rajasthan Royals,field,normal,0,Rajasthan Royals,0,8,SK Trivedi,"Rajiv Gandhi International Stadium, Uppal",RE Koertzen,SK Tarapore,
2011,Kochi,Kochi Tuskers Kerala,Royal Challengers Bangalore,Kochi Tuskers Kerala,bat,normal,0,Royal Challengers Bangalore,0,6,AB de Villiers,Nehru Stadium,HDPK Dharmasena,K Hariharan,
2011,Delhi,Delhi Daredevils,Mumbai Indians,Delhi Daredevils,bat,normal,0,Mumbai Indians,0,8,SL Malinga,Feroz Shah Kotla,AM Saheba,RB Tiffin,
2011,Mumbai,Kings XI Punjab,Pune Warriors,Kings XI Punjab,bat,normal,0,Pune Warriors,0,7,SB Wagh,Dr DY Patil Sports Academy,BR Doctrove,PR Reiffel,
2011,Kolkata,Kolkata Knight Riders,Deccan Chargers,Kolkata Knight Riders,bat,normal,0,Kolkata Knight Riders,9,0,JH Kallis,Eden Gardens,RE Koertzen,SK Tarapore,
2011,Jaipur,Delhi Daredevils,Rajasthan Royals,Delhi Daredevils,bat,normal,0,Rajasthan Royals,0,6,SK Warne,Sawai Mansingh Stadium,Aleem Dar,RB Tiffin,
2011,Bangalore,Royal Challengers Bangalore,Mumbai Indians,Mumbai Indians,field,normal,0,Mumbai Indians,0,9,SR Tendulkar,M Chinnaswamy Stadium,HDPK Dharmasena,AL Hill,
2011,Chandigarh,Chennai Super Kings,Kings XI Punjab,Kings XI Punjab,field,normal,0,Kings XI Punjab,0,6,PC Valthaty,"Punjab Cricket Association Stadium, Mohali",Asad Rauf,SL Shastri,
2011,Mumbai,Kochi Tuskers Kerala,Pune Warriors,Kochi Tuskers Kerala,bat,normal,0,Pune Warriors,0,4,MD Mishra,Dr DY Patil Sports Academy,S Asnani,PR Reiffel,
2011,Hyderabad,Deccan Chargers,Royal Challengers Bangalore,Royal Challengers Bangalore,field,normal,0,Deccan Chargers,33,0,DW Steyn,"Rajiv Gandhi International Stadium, Uppal",RE Koertzen,S Ravi,
2011,Jaipur,Rajasthan Royals,Kolkata Knight Riders,Kolkata Knight Riders,field,normal,0,Kolkata Knight Riders,0,9,G Gambhir,Sawai Mansingh Stadium,Aleem Dar,SS Hazare,
2011,Mumbai,Mumbai Indians,Kochi Tuskers Kerala,Kochi Tuskers Kerala,field,normal,0,Kochi Tuskers Kerala,0,8,BB McCullum,Wankhede Stadium,BR Doctrove,PR Reiffel,
2011,Chennai,Chennai Super Kings,Royal Challengers Bangalore,Chennai Super Kings,bat,normal,0,Chennai Super Kings,21,0,MEK Hussey,"MA Chidambaram Stadium, Chepauk",HDPK Dharmasena,AL Hill,
2011,Hyderabad,Deccan Chargers,Kings XI Punjab,Kings XI Punjab,field,normal,0,Kings XI Punjab,0,8,PC Valthaty,"Rajiv Gandhi International Stadium, Uppal",RE Koertzen,S Ravi,
2011,Mumbai,Pune Warriors,Delhi Daredevils,Delhi Daredevils,field,normal,0,Delhi Daredevils,0,3,Yuvraj Singh,Dr DY Patil Sports Academy,Asad Rauf,AM Saheba,
2011,Kolkata,Rajasthan Royals,Kolkata Knight Riders,Kolkata Knight Riders,field,normal,0,Kolkata Knight Riders,0,8,L Balaji,Eden Gardens,Aleem Dar,RB Tiffin,
2011,Kochi,Chennai Super Kings,Kochi Tuskers Kerala,Kochi Tuskers Kerala,field,normal,1,Kochi Tuskers Kerala,0,7,BB McCullum,Nehru Stadium,K Hariharan,AL Hill,
2011,Delhi,Deccan Chargers,Delhi Daredevils,Deccan Chargers,bat,normal,0,Deccan Chargers,16,0,S Sohal,Feroz Shah Kotla,PR Reiffel,RJ Tucker,
2011,Mumbai,Pune Warriors,Mumbai Indians,Pune Warriors,bat,normal,0,Mumbai Indians,0,7,MM Patel,Wankhede Stadium,Asad Rauf,AM Saheba,
2011,Kolkata,Kochi Tuskers Kerala,Kolkata Knight Riders,Kolkata Knight Riders,field,normal,0,Kochi Tuskers Kerala,6,0,DPMD Jayawardene,Eden Gardens,Aleem Dar,RB Tiffin,
2011,Chandigarh,Kings XI Punjab,Rajasthan Royals,Rajasthan Royals,field,normal,0,Kings XI Punjab,48,0,SE Marsh,"Punjab Cricket Association Stadium, Mohali",S Asnani,PR Reiffel,
2011,Mumbai,Mumbai Indians,Chennai Super Kings,Chennai Super Kings,field,normal,0,Mumbai Indians,8,0,Harbhajan Singh,Wankhede Stadium,Asad Rauf,AM Saheba,
2011,Kolkata,Kolkata Knight Riders,Royal Challengers Bangalore,Royal Challengers Bangalore,field,normal,0,Royal Challengers Bangalore,0,9,CH Gayle,Eden Gardens,SS Hazare,RB Tiffin,
2011,Delhi,Delhi Daredevils,Kings XI Punjab,Kings XI Punjab,field,normal,0,Delhi Daredevils,29,0,DA Warner,Feroz Shah Kotla,S Asnani,RE Koertzen,
2011,Hyderabad,Mumbai Indians,Deccan Chargers,Deccan Chargers,field,normal,0,Mumbai Indians,37,0,SL Malinga,"Rajiv Gandhi International Stadium, Uppal",HDPK Dharmasena,AL Hill,
2011,Jaipur,Kochi Tuskers Kerala,Rajasthan Royals,Rajasthan Royals,field,normal,0,Rajasthan Royals,0,8,SK Warne,Sawai Mansingh Stadium,BR Doctrove,SK Tarapore,
2011,Chennai,Chennai Super Kings,Pune Warriors,Pune Warriors,field,normal,0,Chennai Super Kings,25,0,MEK Hussey,"MA Chidambaram Stadium, Chepauk",Aleem Dar,RB Tiffin,
2011,Delhi,Delhi Daredevils,Royal Challengers Bangalore,Royal Challengers Bangalore,field,normal,0,Royal Challengers Bangalore,0,3,V Kohli,Feroz Shah Kotla,S Asnani,RJ Tucker,
2011,Mumbai,Pune Warriors,Chennai Super Kings,Pune Warriors,bat,normal,0,Chennai Super Kings,0,8,DE Bollinger,Dr DY Patil Sports Academy,Asad Rauf,SL Shastri,
2011,Kochi,Deccan Chargers,Kochi Tuskers Kerala,Kochi Tuskers Kerala,field,normal,0,Deccan Chargers,55,0,I Sharma,Nehru Stadium,HDPK Dharmasena,AL Hill,
2011,Delhi,Kolkata Knight Riders,Delhi Daredevils,Delhi Daredevils,field,normal,0,Kolkata Knight Riders,17,0,MK Tiwary,Feroz Shah Kotla,PR Reiffel,RJ Tucker,
2011,Jaipur,Mumbai Indians,Rajasthan Royals,Rajasthan Royals,field,normal,0,Rajasthan Royals,0,7,J Botha,Sawai Mansingh Stadium,Asad Rauf,SK Tarapore,
2011,Bangalore,Royal Challengers Bangalore,Pune Warriors,Pune Warriors,field,normal,0,Royal Challengers Bangalore,26,0,V Kohli,M Chinnaswamy Stadium,Aleem Dar,SS Hazare,
2011,Kochi,Delhi Daredevils,Kochi Tuskers Kerala,Delhi Daredevils,bat,normal,0,Delhi Daredevils,38,0,V Sehwag,Nehru Stadium,HDPK Dharmasena,AL Hill,
2011,Kolkata,Kings XI Punjab,Kolkata Knight Riders,Kolkata Knight Riders,field,normal,0,Kolkata Knight Riders,0,8,Iqbal Abdulla,Eden Gardens,AM Saheba,SL Shastri,
2011,Jaipur,Pune Warriors,Rajasthan Royals,Rajasthan Royals,field,normal,0,Rajasthan Royals,0,6,LRPL Taylor,Sawai Mansingh Stadium,SK Tarapore,SJA Taufel,
2011,Chennai,Chennai Super Kings,Deccan Chargers,Chennai Super Kings,bat,normal,0,Chennai Super Kings,19,0,JA Morkel,"MA Chidambaram Stadium, Chepauk",Aleem Dar,RB Tiffin,
2011,Mumbai,Mumbai Indians,Kings XI Punjab,Kings XI Punjab,field,normal,0,Mumbai Indians,23,0,KA Pollard,Wankhede Stadium,HDPK Dharmasena,PR Reiffel,
2011,Delhi,Delhi Daredevils,Kochi Tuskers Kerala,Kochi Tuskers Kerala,field,normal,0,Kochi Tuskers Kerala,0,7,P Parameswaran,Feroz Shah Kotla,Asad Rauf,SL Shastri,
2011,Hyderabad,Kolkata Knight Riders,Deccan Chargers,Deccan Chargers,field,normal,0,Kolkata Knight Riders,20,0,YK Pathan,"Rajiv Gandhi International Stadium, Uppal",S Asnani,RJ Tucker,
2011,Chennai,Rajasthan Royals,Chennai Super Kings,Rajasthan Royals,bat,normal,0,Chennai Super Kings,0,8,MEK Hussey,"MA Chidambaram Stadium, Chepauk",SS Hazare,RB Tiffin,
2011,Mumbai,Mumbai Indians,Pune Warriors,Pune Warriors,field,normal,0,Mumbai Indians,21,0,R Sharma,Dr DY Patil Sports Academy,HDPK Dharmasena,SJA Taufel,
2011,Kochi,Kochi Tuskers Kerala,Kolkata Knight Riders,Kolkata Knight Riders,field,normal,0,Kochi Tuskers Kerala,17,0,BJ Hodge,Nehru Stadium,S Ravi,RJ Tucker,
2011,Hyderabad,Deccan Chargers,Delhi Daredevils,Delhi Daredevils,field,normal,0,Delhi Daredevils,0,4,V Sehwag,"Rajiv Gandhi International Stadium, Uppal",Asad Rauf,AM Saheba,
2011,Bangalore,Royal Challengers Bangalore,Kings XI Punjab,Kings XI Punjab,field,normal,0,Royal Challengers Bangalore,85,0,CH Gayle,M Chinnaswamy Stadium,Aleem Dar,RB Tiffin,
2011,Kolkata,Chennai Super Kings,Kolkata Knight Riders,Chennai Super Kings,bat,normal,1,Kolkata Knight Riders,10,0,Iqbal Abdulla,Eden Gardens,Asad Rauf,PR Reiffel,
2011,Mumbai,Mumbai Indians,Delhi Daredevils,Delhi Daredevils,field,normal,0,Mumbai Indians,32,0,AT Rayudu,Wankhede Stadium,K Hariharan,SJA Taufel,
2011,Bangalore,Kochi Tuskers Kerala,Royal Challengers Bangalore,Kochi Tuskers Kerala,bat,normal,0,Royal Challengers Bangalore,0,9,CH Gayle,M Chinnaswamy Stadium,Aleem Dar,SS Hazare,
2011,Chandigarh,Kings XI Punjab,Pune Warriors,Kings XI Punjab,bat,normal,0,Pune Warriors,0,5,R Sharma,"Punjab Cricket Association Stadium, Mohali",SK Tarapore,RJ Tucker,
2011,Jaipur,Chennai Super Kings,Rajasthan Royals,Rajasthan Royals,field,normal,0,Chennai Super Kings,63,0,M Vijay,Sawai Mansingh Stadium,K Hariharan,SJA Taufel,
2011,Hyderabad,Deccan Chargers,Pune Warriors,Deccan Chargers,bat,normal,0,Pune Warriors,0,6,MR Marsh,"Rajiv Gandhi International Stadium, Uppal",Asad Rauf,AM Saheba,
2011,Chandigarh,Kings XI Punjab,Mumbai Indians,Mumbai Indians,field,normal,0,Kings XI Punjab,76,0,BA Bhatt,"Punjab Cricket Association Stadium, Mohali",SK Tarapore,RJ Tucker,
2011,Jaipur,Rajasthan Royals,Royal Challengers Bangalore,Royal Challengers Bangalore,field,normal,0,Royal Challengers Bangalore,0,9,S Aravind,Sawai Mansingh Stadium,HDPK Dharmasena,K Hariharan,
2011,Chennai,Chennai Super Kings,Delhi Daredevils,Chennai Super Kings,bat,normal,0,Chennai Super Kings,18,0,MS Dhoni,"MA Chidambaram Stadium, Chepauk",AM Saheba,SL Shastri,
2011,Indore,Kochi Tuskers Kerala,Kings XI Punjab,Kings XI Punjab,field,normal,0,Kings XI Punjab,0,6,KD Karthik,Holkar Cricket Stadium,S Asnani,RJ Tucker,
2011,Bangalore,Kolkata Knight Riders,Royal Challengers Bangalore,Royal Challengers Bangalore,field,normal,1,Royal Challengers Bangalore,0,4,CH Gayle,M Chinnaswamy Stadium,RE Koertzen,RB Tiffin,
2011,Mumbai,Deccan Chargers,Mumbai Indians,Deccan Chargers,bat,normal,0,Deccan Chargers,10,0,A Mishra,Wankhede Stadium,S Ravi,SK Tarapore,
2011,Dharamsala,Kings XI Punjab,Delhi Daredevils,Delhi Daredevils,field,normal,0,Kings XI Punjab,29,0,PP Chawla,Himachal Pradesh Cricket Association Stadium,Asad Rauf,SL Shastri,
2011,Indore,Rajasthan Royals,Kochi Tuskers Kerala,Kochi Tuskers Kerala,field,normal,0,Kochi Tuskers Kerala,0,8,BJ Hodge,Holkar Cricket Stadium,PR Reiffel,RJ Tucker,
2011,Mumbai,Pune Warriors,Deccan Chargers,Deccan Chargers,field,normal,0,Deccan Chargers,0,6,A Mishra,Dr DY Patil Sports Academy,S Ravi,SK Tarapore,
2011,Dharamsala,Kings XI Punjab,Royal Challengers Bangalore,Kings XI Punjab,bat,normal,0,Kings XI Punjab,111,0,AC Gilchrist,Himachal Pradesh Cricket Association Stadium,Asad Rauf,AM Saheba,
2011,Chennai,Chennai Super Kings,Kochi Tuskers Kerala,Chennai Super Kings,bat,normal,0,Chennai Super Kings,11,0,WP Saha,"MA Chidambaram Stadium, Chepauk",HDPK Dharmasena,RE Koertzen,
2011,Mumbai,Pune Warriors,Kolkata Knight Riders,Kolkata Knight Riders,field,normal,0,Kolkata Knight Riders,0,7,YK Pathan,Dr DY Patil Sports Academy,S Ravi,SJA Taufel,
2011,Mumbai,Mumbai Indians,Rajasthan Royals,Mumbai Indians,bat,normal,0,Rajasthan Royals,0,10,SR Watson,Wankhede Stadium,RE Koertzen,PR Reiffel,
2011,Dharamsala,Deccan Chargers,Kings XI Punjab,Kings XI Punjab,field,normal,0,Deccan Chargers,82,0,S Dhawan,Himachal Pradesh Cricket Association Stadium,Asad Rauf,AM Saheba,
2011,Delhi,Delhi Daredevils,Pune Warriors,Delhi Daredevils,bat,no result,0,,0,0,,Feroz Shah Kotla,SS Hazare,RJ Tucker,
2011,Bangalore,Chennai Super Kings,Royal Challengers Bangalore,Royal Challengers Bangalore,field,normal,0,Royal Challengers Bangalore,0,8,CH Gayle,M Chinnaswamy Stadium,K Hariharan,RE Koertzen,
2011,Kolkata,Kolkata Knight Riders,Mumbai Indians,Mumbai Indians,field,normal,0,Mumbai Indians,0,5,JEC Franklin,Eden Gardens,SK Tarapore,SJA Taufel,
2011,Mumbai,Royal Challengers Bangalore,Chennai Super Kings,Chennai Super Kings,field,normal,0,Chennai Super Kings,0,6,SK Raina,Wankhede Stadium,Asad Rauf,SJA Taufel,
2011,Mumbai,Kolkata Knight Riders,Mumbai Indians,Mumbai Indians,field,normal,0,Mumbai Indians,0,4,MM Patel,Wankhede Stadium,Asad Rauf,SJA Taufel,
2011,Chennai,Royal Challengers Bangalore,Mumbai Indians,Mumbai Indians,field,normal,0,Royal Challengers Bangalore,43,0,CH Gayle,"MA Chidambaram Stadium, Chepauk",Asad Rauf,SJA Taufel,
2011,Chennai,Chennai Super Kings,Royal Challengers Bangalore,Chennai Super Kings,bat,normal,0,Chennai Super Kings,58,0,M Vijay,"MA Chidambaram Stadium, Chepauk",Asad Rauf,SJA Taufel,
2012,Chennai,Chennai Super Kings,Mumbai Indians,Mumbai Indians,field,normal,0,Mumbai Indians,0,8,RE Levi,"MA Chidambaram Stadium, Chepauk",JD Cloete,SJA Taufel,
2012,Kolkata,Kolkata Knight Riders,Delhi Daredevils,Delhi Daredevils,field,normal,0,Delhi Daredevils,0,8,IK Pathan,Eden Gardens,S Asnani,HDPK Dharmasena,
2012,Mumbai,Pune Warriors,Mumbai Indians,Mumbai Indians,field,normal,0,Pune Warriors,28,0,SPD Smith,Wankhede Stadium,AK Chaudhary,SJA Taufel,
2012,Jaipur,Rajasthan Royals,Kings XI Punjab,Kings XI Punjab,field,normal,0,Rajasthan Royals,31,0,AM Rahane,Sawai Mansingh Stadium,BF Bowden,SK Tarapore,
2012,Bangalore,Royal Challengers Bangalore,Delhi Daredevils,Delhi Daredevils,field,normal,0,Royal Challengers Bangalore,20,0,AB de Villiers,M Chinnaswamy Stadium,S Asnani,S Ravi,
2012,Visakhapatnam,Chennai Super Kings,Deccan Chargers,Deccan Chargers,field,normal,0,Chennai Super Kings,74,0,RA Jadeja,Dr. Y.S. Rajasekhara Reddy ACA-VDCA Cricket Stadium,JD Cloete,HDPK Dharmasena,
2012,Jaipur,Rajasthan Royals,Kolkata Knight Riders,Kolkata Knight Riders,field,normal,0,Rajasthan Royals,22,0,BJ Hodge,Sawai Mansingh Stadium,BF Bowden,VA Kulkarni,
2012,Pune,Pune Warriors,Kings XI Punjab,Pune Warriors,bat,normal,0,Pune Warriors,22,0,MN Samuels,Subrata Roy Sahara Stadium,S Das,SJA Taufel,
2012,Visakhapatnam,Deccan Chargers,Mumbai Indians,Deccan Chargers,bat,normal,0,Mumbai Indians,0,5,RG Sharma,Dr. Y.S. Rajasekhara Reddy ACA-VDCA Cricket Stadium,AK Chaudhary,JD Cloete,
2012,Bangalore,Kolkata Knight Riders,Royal Challengers Bangalore,Royal Challengers Bangalore,field,normal,0,Kolkata Knight Riders,42,0,L Balaji,M Chinnaswamy Stadium,S Ravi,RJ Tucker,
2012,Delhi,Chennai Super Kings,Delhi Daredevils,Delhi Daredevils,field,normal,0,Delhi Daredevils,0,8,M Morkel,Feroz Shah Kotla,Asad Rauf,SK Tarapore,
2012,Mumbai,Mumbai Indians,Rajasthan Royals,Rajasthan Royals,field,normal,0,Mumbai Indians,27,0,KA Pollard,Wankhede Stadium,Aleem Dar,BNJ Oxenford,
2012,Chennai,Royal Challengers Bangalore,Chennai Super Kings,Royal Challengers Bangalore,bat,normal,0,Chennai Super Kings,0,5,F du Plessis,"MA Chidambaram Stadium, Chepauk",HDPK Dharmasena,RJ Tucker,
2012,Chandigarh,Pune Warriors,Kings XI Punjab,Kings XI Punjab,field,normal,0,Kings XI Punjab,0,7,AD Mascarenhas,"Punjab Cricket Association Stadium, Mohali",VA Kulkarni,SK Tarapore,
2012,Kolkata,Rajasthan Royals,Kolkata Knight Riders,Rajasthan Royals,bat,normal,0,Kolkata Knight Riders,0,5,Shakib Al Hasan,Eden Gardens,Asad Rauf,S Asnani,
2012,Delhi,Deccan Chargers,Delhi Daredevils,Deccan Chargers,bat,normal,0,Delhi Daredevils,0,5,KP Pietersen,Feroz Shah Kotla,BF Bowden,SK Tarapore,
2012,Pune,Chennai Super Kings,Pune Warriors,Chennai Super Kings,bat,normal,0,Pune Warriors,0,7,JD Ryder,Subrata Roy Sahara Stadium,Aleem Dar,BNJ Oxenford,
2012,Kolkata,Kings XI Punjab,Kolkata Knight Riders,Kolkata Knight Riders,field,normal,0,Kings XI Punjab,2,0,SP Narine,Eden Gardens,Asad Rauf,S Asnani,
2012,Bangalore,Rajasthan Royals,Royal Challengers Bangalore,Rajasthan Royals,bat,normal,0,Rajasthan Royals,59,0,AM Rahane,M Chinnaswamy Stadium,JD Cloete,RJ Tucker,
2012,Mumbai,Mumbai Indians,Delhi Daredevils,Delhi Daredevils,field,normal,0,Delhi Daredevils,0,7,S Nadeem,Wankhede Stadium,BF Bowden,SK Tarapore,
2012,Jaipur,Deccan Chargers,Rajasthan Royals,Deccan Chargers,bat,normal,0,Rajasthan Royals,0,5,BJ Hodge,Sawai Mansingh Stadium,Aleem Dar,BNJ Oxenford,
2012,Bangalore,Pune Warriors,Royal Challengers Bangalore,Pune Warriors,bat,normal,0,Royal Challengers Bangalore,0,6,CH Gayle,M Chinnaswamy Stadium,S Asnani,S Das,
2012,Chandigarh,Kings XI Punjab,Kolkata Knight Riders,Kings XI Punjab,bat,normal,0,Kolkata Knight Riders,0,8,G Gambhir,"Punjab Cricket Association Stadium, Mohali",JD Cloete,RJ Tucker,
2012,Hyderabad,Deccan Chargers,Delhi Daredevils,Deccan Chargers,bat,normal,0,Delhi Daredevils,0,9,DA Warner,"Rajiv Gandhi International Stadium, Uppal",JD Cloete,SJA Taufel,
2012,Chennai,Chennai Super Kings,Pune Warriors,Pune Warriors,field,normal,0,Chennai Super Kings,13,0,KMDN Kulasekara,"MA Chidambaram Stadium, Chepauk",Asad Rauf,S Das,
2012,Chandigarh,Kings XI Punjab,Royal Challengers Bangalore,Royal Challengers Bangalore,field,normal,0,Royal Challengers Bangalore,0,5,CH Gayle,"Punjab Cricket Association Stadium, Mohali",S Ravi,RJ Tucker,
2012,Chennai,Rajasthan Royals,Chennai Super Kings,Rajasthan Royals,bat,normal,0,Chennai Super Kings,0,7,F du Plessis,"MA Chidambaram Stadium, Chepauk",Aleem Dar,BNJ Oxenford,
2012,Delhi,Pune Warriors,Delhi Daredevils,Delhi Daredevils,field,normal,0,Pune Warriors,20,0,SC Ganguly,Feroz Shah Kotla,Asad Rauf,S Das,
2012,Mumbai,Mumbai Indians,Kings XI Punjab,Mumbai Indians,bat,normal,0,Kings XI Punjab,0,6,SE Marsh,Wankhede Stadium,S Ravi,RJ Tucker,
2012,Cuttack,Deccan Chargers,Kolkata Knight Riders,Kolkata Knight Riders,field,normal,0,Kolkata Knight Riders,0,5,B Lee,Barabati Stadium,BF Bowden,SK Tarapore,
2012,Jaipur,Royal Challengers Bangalore,Rajasthan Royals,Rajasthan Royals,field,normal,0,Royal Challengers Bangalore,46,0,AB de Villiers,Sawai Mansingh Stadium,Asad Rauf,S Asnani,
2012,Pune,Pune Warriors,Delhi Daredevils,Pune Warriors,bat,normal,0,Delhi Daredevils,0,8,V Sehwag,Subrata Roy Sahara Stadium,S Ravi,RJ Tucker,
2012,Chandigarh,Kings XI Punjab,Mumbai Indians,Kings XI Punjab,bat,normal,0,Mumbai Indians,0,4,AT Rayudu,"Punjab Cricket Association Stadium, Mohali",Aleem Dar,BNJ Oxenford,
2012,Pune,Deccan Chargers,Pune Warriors,Deccan Chargers,bat,normal,0,Deccan Chargers,18,0,CL White,Subrata Roy Sahara Stadium,S Ravi,RJ Tucker,
2012,Delhi,Delhi Daredevils,Mumbai Indians,Mumbai Indians,field,normal,0,Delhi Daredevils,37,0,V Sehwag,Feroz Shah Kotla,Aleem Dar,BNJ Oxenford,
2012,Chennai,Kings XI Punjab,Chennai Super Kings,Kings XI Punjab,bat,normal,0,Kings XI Punjab,7,0,Mandeep Singh,"MA Chidambaram Stadium, Chepauk",BF Bowden,SK Tarapore,
2012,Kolkata,Kolkata Knight Riders,Royal Challengers Bangalore,Kolkata Knight Riders,bat,normal,0,Kolkata Knight Riders,47,0,G Gambhir,Eden Gardens,Asad Rauf,BR Doctrove,
2012,Delhi,Delhi Daredevils,Rajasthan Royals,Delhi Daredevils,bat,normal,0,Delhi Daredevils,1,0,V Sehwag,Feroz Shah Kotla,S Ravi,RJ Tucker,
2012,Mumbai,Deccan Chargers,Mumbai Indians,Mumbai Indians,field,normal,0,Mumbai Indians,0,5,DW Steyn,Wankhede Stadium,AK Chaudhary,BNJ Oxenford,
2012,Chennai,Chennai Super Kings,Kolkata Knight Riders,Chennai Super Kings,bat,normal,0,Kolkata Knight Riders,0,5,G Gambhir,"MA Chidambaram Stadium, Chepauk",BF Bowden,C Shamshuddin,
2012,Cuttack,Deccan Chargers,Pune Warriors,Deccan Chargers,bat,normal,0,Deccan Chargers,13,0,KC Sangakkara,Barabati Stadium,Aleem Dar,AK Chaudhary,
2012,Jaipur,Rajasthan Royals,Delhi Daredevils,Rajasthan Royals,bat,normal,0,Delhi Daredevils,0,6,P Negi,Sawai Mansingh Stadium,JD Cloete,SJA Taufel,
2012,Bangalore,Royal Challengers Bangalore,Kings XI Punjab,Kings XI Punjab,field,normal,0,Kings XI Punjab,0,4,Azhar Mahmood,M Chinnaswamy Stadium,BF Bowden,C Shamshuddin,
2012,Pune,Mumbai Indians,Pune Warriors,Mumbai Indians,bat,normal,0,Mumbai Indians,1,0,SL Malinga,Subrata Roy Sahara Stadium,Asad Rauf,S Asnani,
2012,Chennai,Chennai Super Kings,Deccan Chargers,Chennai Super Kings,bat,normal,0,Chennai Super Kings,10,0,SK Raina,"MA Chidambaram Stadium, Chepauk",HDPK Dharmasena,BNJ Oxenford,
2012,Kolkata,Kolkata Knight Riders,Pune Warriors,Kolkata Knight Riders,bat,normal,0,Kolkata Knight Riders,7,0,SP Narine,Eden Gardens,BF Bowden,SK Tarapore,
2012,Chandigarh,Rajasthan Royals,Kings XI Punjab,Rajasthan Royals,bat,normal,0,Rajasthan Royals,43,0,SR Watson,"Punjab Cricket Association Stadium, Mohali",JD Cloete,SJA Taufel,
2012,Mumbai,Chennai Super Kings,Mumbai Indians,Mumbai Indians,field,normal,0,Mumbai Indians,0,2,DR Smith,Wankhede Stadium,Asad Rauf,S Asnani,
2012,Bangalore,Deccan Chargers,Royal Challengers Bangalore,Royal Challengers Bangalore,field,normal,0,Royal Challengers Bangalore,0,5,AB de Villiers,M Chinnaswamy Stadium,HDPK Dharmasena,BNJ Oxenford,
2012,Delhi,Delhi Daredevils,Kolkata Knight Riders,Delhi Daredevils,bat,normal,0,Kolkata Knight Riders,0,6,JH Kallis,Feroz Shah Kotla,JD Cloete,S Ravi,
2012,Pune,Pune Warriors,Rajasthan Royals,Pune Warriors,bat,normal,0,Rajasthan Royals,0,7,SR Watson,Subrata Roy Sahara Stadium,Asad Rauf,BR Doctrove,
2012,Hyderabad,Kings XI Punjab,Deccan Chargers,Deccan Chargers,field,normal,0,Kings XI Punjab,25,0,Mandeep Singh,"Rajiv Gandhi International Stadium, Uppal",HDPK Dharmasena,BNJ Oxenford,
2012,Mumbai,Mumbai Indians,Royal Challengers Bangalore,Royal Challengers Bangalore,field,normal,0,Royal Challengers Bangalore,0,9,CH Gayle,Wankhede Stadium,BF Bowden,VA Kulkarni,
2012,Jaipur,Rajasthan Royals,Chennai Super Kings,Chennai Super Kings,field,normal,0,Chennai Super Kings,0,4,BW Hilfenhaus,Sawai Mansingh Stadium,BNJ Oxenford,C Shamshuddin,
2012,Pune,Royal Challengers Bangalore,Pune Warriors,Pune Warriors,field,normal,0,Royal Challengers Bangalore,35,0,CH Gayle,Subrata Roy Sahara Stadium,BF Bowden,SK Tarapore,
2012,Kolkata,Mumbai Indians,Kolkata Knight Riders,Mumbai Indians,bat,normal,0,Mumbai Indians,27,0,RG Sharma,Eden Gardens,S Ravi,SJA Taufel,
2012,Chennai,Delhi Daredevils,Chennai Super Kings,Chennai Super Kings,field,normal,0,Chennai Super Kings,0,9,BW Hilfenhaus,"MA Chidambaram Stadium, Chepauk",S Das,BR Doctrove,
2012,Jaipur,Rajasthan Royals,Pune Warriors,Rajasthan Royals,bat,normal,0,Rajasthan Royals,45,0,A Chandila,Sawai Mansingh Stadium,BF Bowden,SK Tarapore,
2012,Chandigarh,Deccan Chargers,Kings XI Punjab,Deccan Chargers,bat,normal,0,Kings XI Punjab,0,4,DJ Hussey,"Punjab Cricket Association Stadium, Mohali",HDPK Dharmasena,BNJ Oxenford,
2012,Bangalore,Royal Challengers Bangalore,Mumbai Indians,Mumbai Indians,field,normal,0,Mumbai Indians,0,5,AT Rayudu,M Chinnaswamy Stadium,S Das,BR Doctrove,
2012,Kolkata,Kolkata Knight Riders,Chennai Super Kings,Chennai Super Kings,field,normal,0,Chennai Super Kings,0,5,MEK Hussey,Eden Gardens,JD Cloete,SJA Taufel,
2012,Delhi,Kings XI Punjab,Delhi Daredevils,Kings XI Punjab,bat,normal,0,Delhi Daredevils,0,5,UT Yadav,Feroz Shah Kotla,HDPK Dharmasena,BNJ Oxenford,
2012,Mumbai,Kolkata Knight Riders,Mumbai Indians,Mumbai Indians,field,normal,0,Kolkata Knight Riders,32,0,SP Narine,Wankhede Stadium,S Das,BR Doctrove,
2012,Dharamsala,Chennai Super Kings,Kings XI Punjab,Kings XI Punjab,field,normal,0,Kings XI Punjab,0,6,AC Gilchrist,Himachal Pradesh Cricket Association Stadium,VA Kulkarni,SK Tarapore,
2012,Delhi,Royal Challengers Bangalore,Delhi Daredevils,Delhi Daredevils,field,normal,0,Royal Challengers Bangalore,21,0,CH Gayle,Feroz Shah Kotla,HDPK Dharmasena,C Shamshuddin,
2012,Hyderabad,Rajasthan Royals,Deccan Chargers,Rajasthan Royals,bat,normal,0,Deccan Chargers,0,5,DW Steyn,"Rajiv Gandhi International Stadium, Uppal",S Ravi,SJA Taufel,
2012,Dharamsala,Kings XI Punjab,Delhi Daredevils,Delhi Daredevils,field,normal,0,Delhi Daredevils,0,6,UT Yadav,Himachal Pradesh Cricket Association Stadium,BF Bowden,VA Kulkarni,
2012,Pune,Kolkata Knight Riders,Pune Warriors,Kolkata Knight Riders,bat,normal,0,Kolkata Knight Riders,34,0,Shakib Al Hasan,Subrata Roy Sahara Stadium,S Asnani,BR Doctrove,
2012,Hyderabad,Deccan Chargers,Royal Challengers Bangalore,Royal Challengers Bangalore,field,normal,0,Deccan Chargers,9,0,DW Steyn,"Rajiv Gandhi International Stadium, Uppal",S Ravi,SJA Taufel,
2012,Jaipur,Rajasthan Royals,Mumbai Indians,Rajasthan Royals,bat,normal,0,Mumbai Indians,0,10,DR Smith,Sawai Mansingh Stadium,HDPK Dharmasena,C Shamshuddin,
2012,Pune,Kolkata Knight Riders,Delhi Daredevils,Kolkata Knight Riders,bat,normal,0,Kolkata Knight Riders,18,0,YK Pathan,Subrata Roy Sahara Stadium,BR Doctrove,SJA Taufel,
2012,Bangalore,Chennai Super Kings,Mumbai Indians,Mumbai Indians,field,normal,0,Chennai Super Kings,38,0,MS Dhoni,M Chinnaswamy Stadium,BF Bowden,HDPK Dharmasena,
2012,Chennai,Chennai Super Kings,Delhi Daredevils,Delhi Daredevils,field,normal,0,Chennai Super Kings,86,0,M Vijay,"MA Chidambaram Stadium, Chepauk",BR Doctrove,SJA Taufel,
2012,Chennai,Chennai Super Kings,Kolkata Knight Riders,Chennai Super Kings,bat,normal,0,Kolkata Knight Riders,0,5,MS Bisla,"MA Chidambaram Stadium, Chepauk",BF Bowden,SJA Taufel,
2013,Kolkata,Delhi Daredevils,Kolkata Knight Riders,Kolkata Knight Riders,field,normal,0,Kolkata Knight Riders,0,6,SP Narine,Eden Gardens,S Ravi,SJA Taufel,
2013,Bangalore,Royal Challengers Bangalore,Mumbai Indians,Mumbai Indians,field,normal,0,Royal Challengers Bangalore,2,0,CH Gayle,M Chinnaswamy Stadium,VA Kulkarni,C Shamshuddin,
2013,Hyderabad,Sunrisers Hyderabad,Pune Warriors,Pune Warriors,field,normal,0,Sunrisers Hyderabad,22,0,A Mishra,"Rajiv Gandhi International Stadium, Uppal",S Ravi,SJA Taufel,
2013,Delhi,Rajasthan Royals,Delhi Daredevils,Rajasthan Royals,bat,normal,0,Rajasthan Royals,5,0,R Dravid,Feroz Shah Kotla,S Das,C Shamshuddin,
2013,Chennai,Mumbai Indians,Chennai Super Kings,Mumbai Indians,bat,normal,0,Mumbai Indians,9,0,KA Pollard,"MA Chidambaram Stadium, Chepauk",M Erasmus,VA Kulkarni,
2013,Pune,Pune Warriors,Kings XI Punjab,Pune Warriors,bat,normal,0,Kings XI Punjab,0,8,M Vohra,Subrata Roy Sahara Stadium,S Asnani,SJA Taufel,
2013,Hyderabad,Royal Challengers Bangalore,Sunrisers Hyderabad,Royal Challengers Bangalore,bat,tie,0,Sunrisers Hyderabad,0,0,GH Vihari,"Rajiv Gandhi International Stadium, Uppal",AK Chowdhary,S Ravi,
2013,Jaipur,Rajasthan Royals,Kolkata Knight Riders,Kolkata Knight Riders,field,normal,0,Rajasthan Royals,19,0,SK Trivedi,Sawai Mansingh Stadium,Aleem Dar,S Das,
2013,Mumbai,Mumbai Indians,Delhi Daredevils,Mumbai Indians,bat,normal,0,Mumbai Indians,44,0,KD Karthik,Wankhede Stadium,M Erasmus,VA Kulkarni,
2013,Chandigarh,Kings XI Punjab,Chennai Super Kings,Chennai Super Kings,field,normal,0,Chennai Super Kings,0,10,MEK Hussey,"Punjab Cricket Association Stadium, Mohali",Aleem Dar,C Shamshuddin,
2013,Bangalore,Kolkata Knight Riders,Royal Challengers Bangalore,Royal Challengers Bangalore,field,normal,0,Royal Challengers Bangalore,0,8,CH Gayle,M Chinnaswamy Stadium,Asad Rauf,AK Chowdhary,
2013,Pune,Rajasthan Royals,Pune Warriors,Rajasthan Royals,bat,normal,0,Pune Warriors,0,7,AJ Finch,Subrata Roy Sahara Stadium,M Erasmus,K Srinath,
2013,Delhi,Delhi Daredevils,Sunrisers Hyderabad,Delhi Daredevils,bat,normal,0,Sunrisers Hyderabad,0,3,A Mishra,Feroz Shah Kotla,Aleem Dar,Subroto Das,
2013,Mumbai,Mumbai Indians,Pune Warriors,Mumbai Indians,bat,normal,0,Mumbai Indians,41,0,RG Sharma,Wankhede Stadium,S Ravi,SJA Taufel,
2013,Chennai,Royal Challengers Bangalore,Chennai Super Kings,Chennai Super Kings,field,normal,0,Chennai Super Kings,0,4,RA Jadeja,"MA Chidambaram Stadium, Chepauk",Asad Rauf,AK Chowdhary,
2013,Kolkata,Kolkata Knight Riders,Sunrisers Hyderabad,Kolkata Knight Riders,bat,normal,0,Kolkata Knight Riders,48,0,G Gambhir,Eden Gardens,M Erasmus,VA Kulkarni,
2013,Jaipur,Kings XI Punjab,Rajasthan Royals,Rajasthan Royals,field,normal,0,Rajasthan Royals,0,6,JP Faulkner,Sawai Mansingh Stadium,Aleem Dar,C Shamshuddin,
2013,Chennai,Pune Warriors,Chennai Super Kings,Pune Warriors,bat,normal,0,Pune Warriors,24,0,SPD Smith,"MA Chidambaram Stadium, Chepauk",Asad Rauf,AK Chaudhary,
2013,Chandigarh,Kings XI Punjab,Kolkata Knight Riders,Kolkata Knight Riders,field,normal,0,Kings XI Punjab,4,0,MS Gony,"Punjab Cricket Association Stadium, Mohali",CK Nandan,SJA Taufel,
2013,Bangalore,Delhi Daredevils,Royal Challengers Bangalore,Royal Challengers Bangalore,field,tie,0,Royal Challengers Bangalore,0,0,V Kohli,M Chinnaswamy Stadium,M Erasmus,VA Kulkarni,
2013,Pune,Sunrisers Hyderabad,Pune Warriors,Pune Warriors,field,normal,0,Sunrisers Hyderabad,11,0,A Mishra,Subrata Roy Sahara Stadium,Asad Rauf,AK Chaudhary,
2013,Jaipur,Rajasthan Royals,Mumbai Indians,Rajasthan Royals,bat,normal,0,Rajasthan Royals,87,0,AM Rahane,Sawai Mansingh Stadium,Aleem Dar,C Shamshuddin,
2013,Delhi,Chennai Super Kings,Delhi Daredevils,Chennai Super Kings,bat,normal,0,Chennai Super Kings,86,0,MEK Hussey,Feroz Shah Kotla,M Erasmus,VA Kulkarni,
2013,Hyderabad,Kings XI Punjab,Sunrisers Hyderabad,Kings XI Punjab,bat,normal,0,Sunrisers Hyderabad,0,5,GH Vihari,"Rajiv Gandhi International Stadium, Uppal",HDPK Dharmasena,CK Nandan,
2013,Kolkata,Kolkata Knight Riders,Chennai Super Kings,Kolkata Knight Riders,bat,normal,0,Chennai Super Kings,0,4,RA Jadeja,Eden Gardens,Asad Rauf,AK Chaudhary,
2013,Bangalore,Rajasthan Royals,Royal Challengers Bangalore,Royal Challengers Bangalore,field,normal,0,Royal Challengers Bangalore,0,7,R Vinay Kumar,M Chinnaswamy Stadium,Aleem Dar,C Shamshuddin,
2013,Delhi,Mumbai Indians,Delhi Daredevils,Mumbai Indians,bat,normal,0,Delhi Daredevils,0,9,V Sehwag,Feroz Shah Kotla,HDPK Dharmasena,S Ravi,
2013,Chandigarh,Pune Warriors,Kings XI Punjab,Kings XI Punjab,field,normal,0,Kings XI Punjab,0,7,DA Miller,"Punjab Cricket Association Stadium, Mohali",M Erasmus,K Srinath,
2013,Chennai,Rajasthan Royals,Chennai Super Kings,Rajasthan Royals,bat,normal,0,Chennai Super Kings,0,5,MEK Hussey,"MA Chidambaram Stadium, Chepauk",S Asnani,AK Chaudhary,
2013,Bangalore,Royal Challengers Bangalore,Pune Warriors,Pune Warriors,field,normal,0,Royal Challengers Bangalore,130,0,CH Gayle,M Chinnaswamy Stadium,Aleem Dar,C Shamshuddin,
2013,Dharamsala,Kings XI Punjab,Delhi Daredevils,Delhi Daredevils,field,normal,0,Kings XI Punjab,7,0,DA Miller,Himachal Pradesh Cricket Association Stadium,HDPK Dharmasena,S Ravi,
2013,Kolkata,Kolkata Knight Riders,Mumbai Indians,Kolkata Knight Riders,bat,normal,0,Mumbai Indians,0,5,DR Smith,Eden Gardens,HDPK Dharmasena,S Ravi,
2013,Chennai,Sunrisers Hyderabad,Chennai Super Kings,Sunrisers Hyderabad,bat,normal,0,Chennai Super Kings,0,5,MS Dhoni,"MA Chidambaram Stadium, Chepauk",Aleem Dar,S Das,
2013,Kolkata,Kings XI Punjab,Kolkata Knight Riders,Kings XI Punjab,bat,normal,0,Kolkata Knight Riders,0,6,JH Kallis,Eden Gardens,CK Nandan,S Ravi,
2013,Jaipur,Sunrisers Hyderabad,Rajasthan Royals,Sunrisers Hyderabad,bat,normal,0,Rajasthan Royals,0,8,JP Faulkner,Sawai Mansingh Stadium,VA Kulkarni,K Srinath,
2013,Mumbai,Mumbai Indians,Royal Challengers Bangalore,Mumbai Indians,bat,normal,0,Mumbai Indians,58,0,DR Smith,Wankhede Stadium,Asad Rauf,S Asnani,
2013,Chennai,Chennai Super Kings,Kolkata Knight Riders,Kolkata Knight Riders,field,normal,0,Chennai Super Kings,14,0,MEK Hussey,"MA Chidambaram Stadium, Chepauk",Aleem Dar,SJA Taufel,
2013,Raipur,Delhi Daredevils,Pune Warriors,Pune Warriors,field,normal,0,Delhi Daredevils,15,0,DA Warner,Shaheed Veer Narayan Singh International Stadium,CK Nandan,S Ravi,
2013,Jaipur,Royal Challengers Bangalore,Rajasthan Royals,Rajasthan Royals,field,normal,0,Rajasthan Royals,0,4,SV Samson,Sawai Mansingh Stadium,M Erasmus,K Srinath,
2013,Mumbai,Mumbai Indians,Kings XI Punjab,Mumbai Indians,bat,normal,0,Mumbai Indians,4,0,RG Sharma,Wankhede Stadium,Asad Rauf,AK Chaudhary,
2013,Pune,Chennai Super Kings,Pune Warriors,Chennai Super Kings,bat,normal,0,Chennai Super Kings,37,0,MS Dhoni,Subrata Roy Sahara Stadium,S Das,SJA Taufel,
2013,Hyderabad,Mumbai Indians,Sunrisers Hyderabad,Mumbai Indians,bat,normal,0,Sunrisers Hyderabad,0,7,I Sharma,"Rajiv Gandhi International Stadium, Uppal",Asad Rauf,S Asnani,
2013,Raipur,Kolkata Knight Riders,Delhi Daredevils,Kolkata Knight Riders,bat,normal,0,Delhi Daredevils,0,7,DA Warner,Shaheed Veer Narayan Singh International Stadium,HDPK Dharmasena,CK Nandan,
2013,Chennai,Chennai Super Kings,Kings XI Punjab,Chennai Super Kings,bat,normal,0,Chennai Super Kings,15,0,SK Raina,"MA Chidambaram Stadium, Chepauk",M Erasmus,VA Kulkarni,
2013,Pune,Royal Challengers Bangalore,Pune Warriors,Royal Challengers Bangalore,bat,normal,0,Royal Challengers Bangalore,17,0,AB de Villiers,Subrata Roy Sahara Stadium,Aleem Dar,C Shamshuddin,
2013,Kolkata,Rajasthan Royals,Kolkata Knight Riders,Rajasthan Royals,bat,normal,0,Kolkata Knight Riders,0,8,YK Pathan,Eden Gardens,HDPK Dharmasena,CK Nandan,
2013,Hyderabad,Delhi Daredevils,Sunrisers Hyderabad,Delhi Daredevils,bat,normal,0,Sunrisers Hyderabad,0,6,DJG Sammy,"Rajiv Gandhi International Stadium, Uppal",Asad Rauf,S Asnani,
2013,Bangalore,Royal Challengers Bangalore,Kings XI Punjab,Kings XI Punjab,field,normal,0,Kings XI Punjab,0,7,AC Gilchrist,M Chinnaswamy Stadium,HDPK Dharmasena,S Ravi,
2013,Mumbai,Mumbai Indians,Chennai Super Kings,Mumbai Indians,bat,normal,0,Mumbai Indians,60,0,MG Johnson,Wankhede Stadium,HDPK Dharmasena,CK Nandan,
2013,Jaipur,Pune Warriors,Rajasthan Royals,Pune Warriors,bat,normal,0,Rajasthan Royals,0,5,AM Rahane,Sawai Mansingh Stadium,C Shamshuddin,RJ Tucker,
2013,Bangalore,Sunrisers Hyderabad,Royal Challengers Bangalore,Sunrisers Hyderabad,bat,normal,0,Royal Challengers Bangalore,0,7,V Kohli,M Chinnaswamy Stadium,S Ravi,SJA Taufel,
2013,Jaipur,Delhi Daredevils,Rajasthan Royals,Delhi Daredevils,bat,normal,0,Rajasthan Royals,0,9,AM Rahane,Sawai Mansingh Stadium,Aleem Dar,RJ Tucker,
2013,Mumbai,Mumbai Indians,Kolkata Knight Riders,Mumbai Indians,bat,normal,0,Mumbai Indians,65,0,SR Tendulkar,Wankhede Stadium,HDPK Dharmasena,S Ravi,
2013,Hyderabad,Chennai Super Kings,Sunrisers Hyderabad,Sunrisers Hyderabad,field,normal,0,Chennai Super Kings,77,0,SK Raina,"Rajiv Gandhi International Stadium, Uppal",S Das,NJ Llong,
2013,Chandigarh,Kings XI Punjab,Rajasthan Royals,Rajasthan Royals,field,normal,0,Rajasthan Royals,0,8,KK Cooper,"Punjab Cricket Association Stadium, Mohali",HDPK Dharmasena,S Ravi,
2013,Pune,Kolkata Knight Riders,Pune Warriors,Kolkata Knight Riders,bat,normal,0,Kolkata Knight Riders,46,0,G Gambhir,Subrata Roy Sahara Stadium,Asad Rauf,S Asnani,
2013,Delhi,Royal Challengers Bangalore,Delhi Daredevils,Delhi Daredevils,field,normal,0,Royal Challengers Bangalore,4,0,JD Unadkat,Feroz Shah Kotla,NJ Llong,K Srinath,
2013,Pune,Pune Warriors,Mumbai Indians,Pune Warriors,bat,normal,0,Mumbai Indians,0,5,MG Johnson,Subrata Roy Sahara Stadium,Asad Rauf,AK Chaudhary,
2013,Chandigarh,Sunrisers Hyderabad,Kings XI Punjab,Kings XI Punjab,field,normal,0,Sunrisers Hyderabad,30,0,PA Patel,"Punjab Cricket Association Stadium, Mohali",S Das,RJ Tucker,
2013,Ranchi,Royal Challengers Bangalore,Kolkata Knight Riders,Kolkata Knight Riders,field,normal,0,Kolkata Knight Riders,0,5,JH Kallis,JSCA International Stadium Complex,NJ Llong,K Srinath,
2013,Jaipur,Chennai Super Kings,Rajasthan Royals,Rajasthan Royals,field,normal,0,Rajasthan Royals,0,5,SR Watson,Sawai Mansingh Stadium,HDPK Dharmasena,CK Nandan,
2013,Delhi,Delhi Daredevils,Kings XI Punjab,Kings XI Punjab,field,normal,0,Kings XI Punjab,0,5,Harmeet Singh,Feroz Shah Kotla,VA Kulkarni,K Srinath,
2013,Mumbai,Sunrisers Hyderabad,Mumbai Indians,Sunrisers Hyderabad,bat,normal,0,Mumbai Indians,0,7,KA Pollard,Wankhede Stadium,AK Chaudhary,SJA Taufel,
2013,Ranchi,Pune Warriors,Kolkata Knight Riders,Kolkata Knight Riders,field,normal,0,Pune Warriors,7,0,MK Pandey,JSCA International Stadium Complex,NJ Llong,K Srinath,
2013,Chennai,Chennai Super Kings,Delhi Daredevils,Chennai Super Kings,bat,normal,0,Chennai Super Kings,33,0,MS Dhoni,"MA Chidambaram Stadium, Chepauk",C Shamshuddin,RJ Tucker,
2013,Mumbai,Mumbai Indians,Rajasthan Royals,Rajasthan Royals,field,normal,0,Mumbai Indians,14,0,AP Tare,Wankhede Stadium,Asad Rauf,S Asnani,
2013,Chandigarh,Royal Challengers Bangalore,Kings XI Punjab,Kings XI Punjab,field,normal,0,Kings XI Punjab,0,6,DA Miller,"Punjab Cricket Association Stadium, Mohali",VA Kulkarni,NJ Llong,
2013,Hyderabad,Sunrisers Hyderabad,Rajasthan Royals,Sunrisers Hyderabad,bat,normal,0,Sunrisers Hyderabad,23,0,A Mishra,"Rajiv Gandhi International Stadium, Uppal",Asad Rauf,AK Chaudhary,
2013,Dharamsala,Kings XI Punjab,Mumbai Indians,Mumbai Indians,field,normal,0,Kings XI Punjab,50,0,Azhar Mahmood,Himachal Pradesh Cricket Association Stadium,HDPK Dharmasena,CK Nandan,
2013,Pune,Pune Warriors,Delhi Daredevils,Pune Warriors,bat,normal,0,Pune Warriors,38,0,LJ Wright,Subrata Roy Sahara Stadium,NJ Llong,SJA Taufel,
2013,Bangalore,Royal Challengers Bangalore,Chennai Super Kings,Chennai Super Kings,field,normal,0,Royal Challengers Bangalore,24,0,V Kohli,M Chinnaswamy Stadium,C Shamshuddin,RJ Tucker,
2013,Hyderabad,Kolkata Knight Riders,Sunrisers Hyderabad,Kolkata Knight Riders,bat,normal,0,Sunrisers Hyderabad,0,5,PA Patel,"Rajiv Gandhi International Stadium, Uppal",Asad Rauf,S Asnani,
2013,Delhi,Chennai Super Kings,Mumbai Indians,Chennai Super Kings,bat,normal,0,Chennai Super Kings,48,0,MEK Hussey,Feroz Shah Kotla,NJ Llong,RJ Tucker,
2013,Delhi,Sunrisers Hyderabad,Rajasthan Royals,Sunrisers Hyderabad,bat,normal,0,Rajasthan Royals,0,4,BJ Hodge,Feroz Shah Kotla,S Ravi,RJ Tucker,
2013,Kolkata,Rajasthan Royals,Mumbai Indians,Rajasthan Royals,bat,normal,0,Mumbai Indians,0,4,Harbhajan Singh,Eden Gardens,C Shamshuddin,SJA Taufel,
2013,Kolkata,Mumbai Indians,Chennai Super Kings,Mumbai Indians,bat,normal,0,Mumbai Indians,23,0,KA Pollard,Eden Gardens,HDPK Dharmasena,SJA Taufel,
2014,Abu Dhabi,Kolkata Knight Riders,Mumbai Indians,Kolkata Knight Riders,bat,normal,0,Kolkata Knight Riders,41,0,JH Kallis,Sheikh Zayed Stadium,M Erasmus,RK Illingworth,
2014,Sharjah,Delhi Daredevils,Royal Challengers Bangalore,Royal Challengers Bangalore,field,normal,0,Royal Challengers Bangalore,0,8,YS Chahal,Sharjah Cricket Stadium,Aleem Dar,S Ravi,
2014,Abu Dhabi,Chennai Super Kings,Kings XI Punjab,Chennai Super Kings,bat,normal,0,Kings XI Punjab,0,6,GJ Maxwell,Sheikh Zayed Stadium,RK Illingworth,C Shamshuddin,
2014,Abu Dhabi,Sunrisers Hyderabad,Rajasthan Royals,Rajasthan Royals,field,normal,0,Rajasthan Royals,0,4,AM Rahane,Sheikh Zayed Stadium,BF Bowden,RK Illingworth,
2014,,Mumbai Indians,Royal Challengers Bangalore,Royal Challengers Bangalore,field,normal,0,Royal Challengers Bangalore,0,7,PA Patel,Dubai International Cricket Stadium,Aleem Dar,AK Chaudhary,
2014,,Kolkata Knight Riders,Delhi Daredevils,Kolkata Knight Riders,bat,normal,0,Delhi Daredevils,0,4,JP Duminy,Dubai International Cricket Stadium,Aleem Dar,VA Kulkarni,
2014,Sharjah,Rajasthan Royals,Kings XI Punjab,Kings XI Punjab,field,normal,0,Kings XI Punjab,0,7,GJ Maxwell,Sharjah Cricket Stadium,BF Bowden,M Erasmus,
2014,Abu Dhabi,Chennai Super Kings,Delhi Daredevils,Chennai Super Kings,bat,normal,0,Chennai Super Kings,93,0,SK Raina,Sheikh Zayed Stadium,RK Illingworth,C Shamshuddin,
2014,Sharjah,Kings XI Punjab,Sunrisers Hyderabad,Sunrisers Hyderabad,field,normal,0,Kings XI Punjab,72,0,GJ Maxwell,Sharjah Cricket Stadium,M Erasmus,S Ravi,
2014,,Chennai Super Kings,Rajasthan Royals,Rajasthan Royals,field,normal,0,Chennai Super Kings,7,0,RA Jadeja,Dubai International Cricket Stadium,HDPK Dharmasena,RK Illingworth,
2014,Sharjah,Kolkata Knight Riders,Royal Challengers Bangalore,Royal Challengers Bangalore,field,normal,0,Kolkata Knight Riders,2,0,CA Lynn,Sharjah Cricket Stadium,Aleem Dar,VA Kulkarni,
2014,,Sunrisers Hyderabad,Delhi Daredevils,Sunrisers Hyderabad,bat,normal,0,Sunrisers Hyderabad,4,0,AJ Finch,Dubai International Cricket Stadium,M Erasmus,S Ravi,
2014,,Mumbai Indians,Chennai Super Kings,Mumbai Indians,bat,normal,0,Chennai Super Kings,0,7,MM Sharma,Dubai International Cricket Stadium,BF Bowden,M Erasmus,
2014,Abu Dhabi,Royal Challengers Bangalore,Rajasthan Royals,Rajasthan Royals,field,normal,0,Rajasthan Royals,0,6,PV Tambe,Sheikh Zayed Stadium,HDPK Dharmasena,C Shamshuddin,
2014,Abu Dhabi,Kings XI Punjab,Kolkata Knight Riders,Kolkata Knight Riders,field,normal,0,Kings XI Punjab,23,0,Sandeep Sharma,Sheikh Zayed Stadium,HDPK Dharmasena,RK Illingworth,
2014,Sharjah,Mumbai Indians,Delhi Daredevils,Mumbai Indians,bat,normal,0,Delhi Daredevils,0,6,M Vijay,Sharjah Cricket Stadium,Aleem Dar,VA Kulkarni,
2014,Sharjah,Sunrisers Hyderabad,Chennai Super Kings,Sunrisers Hyderabad,bat,normal,0,Chennai Super Kings,0,5,DR Smith,Sharjah Cricket Stadium,AK Chaudhary,VA Kulkarni,
2014,,Royal Challengers Bangalore,Kings XI Punjab,Kings XI Punjab,field,normal,0,Kings XI Punjab,0,5,Sandeep Sharma,Dubai International Cricket Stadium,BF Bowden,S Ravi,
2014,Abu Dhabi,Rajasthan Royals,Kolkata Knight Riders,Rajasthan Royals,bat,tie,0,Rajasthan Royals,0,0,JP Faulkner,Sheikh Zayed Stadium,Aleem Dar,AK Chaudhary,
2014,,Sunrisers Hyderabad,Mumbai Indians,Mumbai Indians,field,normal,0,Sunrisers Hyderabad,15,0,B Kumar,Dubai International Cricket Stadium,HDPK Dharmasena,M Erasmus,
2014,Ranchi,Chennai Super Kings,Kolkata Knight Riders,Chennai Super Kings,bat,normal,0,Chennai Super Kings,34,0,RA Jadeja,JSCA International Stadium Complex,AK Chaudhary,NJ Llong,
2014,Mumbai,Kings XI Punjab,Mumbai Indians,Kings XI Punjab,bat,normal,0,Mumbai Indians,0,5,CJ Anderson,Wankhede Stadium,BNJ Oxenford,C Shamshuddin,
2014,Delhi,Delhi Daredevils,Rajasthan Royals,Rajasthan Royals,field,normal,0,Rajasthan Royals,0,7,KK Nair,Feroz Shah Kotla,SS Hazare,S Ravi,
2014,Bangalore,Sunrisers Hyderabad,Royal Challengers Bangalore,Royal Challengers Bangalore,field,normal,0,Royal Challengers Bangalore,0,4,AB de Villiers,M Chinnaswamy Stadium,HDPK Dharmasena,VA Kulkarni,
2014,Ahmedabad,Rajasthan Royals,Kolkata Knight Riders,Kolkata Knight Riders,field,normal,0,Rajasthan Royals,10,0,PV Tambe,"Sardar Patel Stadium, Motera",NJ Llong,CK Nandan,
2014,Delhi,Delhi Daredevils,Chennai Super Kings,Chennai Super Kings,field,normal,0,Chennai Super Kings,0,8,DR Smith,Feroz Shah Kotla,RM Deshpande,BNJ Oxenford,
2014,Mumbai,Mumbai Indians,Royal Challengers Bangalore,Royal Challengers Bangalore,field,normal,0,Mumbai Indians,19,0,RG Sharma,Wankhede Stadium,S Ravi,K Srinath,
2014,Delhi,Delhi Daredevils,Kolkata Knight Riders,Delhi Daredevils,bat,normal,0,Kolkata Knight Riders,0,8,G Gambhir,Feroz Shah Kotla,BNJ Oxenford,C Shamshuddin,
2014,Cuttack,Kings XI Punjab,Chennai Super Kings,Chennai Super Kings,field,normal,0,Kings XI Punjab,44,0,GJ Maxwell,Barabati Stadium,HDPK Dharmasena,PG Pathak,
2014,Ahmedabad,Sunrisers Hyderabad,Rajasthan Royals,Rajasthan Royals,field,normal,0,Sunrisers Hyderabad,32,0,B Kumar,"Sardar Patel Stadium, Motera",AK Chaudhary,NJ Llong,
2014,Bangalore,Kings XI Punjab,Royal Challengers Bangalore,Royal Challengers Bangalore,field,normal,0,Kings XI Punjab,32,0,Sandeep Sharma,M Chinnaswamy Stadium,S Ravi,K Srinath,
2014,Delhi,Delhi Daredevils,Sunrisers Hyderabad,Sunrisers Hyderabad,field,normal,1,Sunrisers Hyderabad,0,8,DW Steyn,Feroz Shah Kotla,RM Deshpande,BNJ Oxenford,
2014,Mumbai,Mumbai Indians,Chennai Super Kings,Chennai Super Kings,field,normal,0,Chennai Super Kings,0,4,DR Smith,Wankhede Stadium,HDPK Dharmasena,VA Kulkarni,
2014,Cuttack,Kings XI Punjab,Kolkata Knight Riders,Kolkata Knight Riders,field,normal,0,Kolkata Knight Riders,0,9,G Gambhir,Barabati Stadium,NJ Llong,CK Nandan,
2014,Bangalore,Royal Challengers Bangalore,Rajasthan Royals,Royal Challengers Bangalore,bat,normal,0,Rajasthan Royals,0,5,JP Faulkner,M Chinnaswamy Stadium,S Ravi,RJ Tucker,
2014,Hyderabad,Sunrisers Hyderabad,Mumbai Indians,Sunrisers Hyderabad,bat,normal,0,Mumbai Indians,0,7,AT Rayudu,"Rajiv Gandhi International Stadium, Uppal",HDPK Dharmasena,VA Kulkarni,
2014,Ranchi,Rajasthan Royals,Chennai Super Kings,Rajasthan Royals,bat,normal,0,Chennai Super Kings,0,5,RA Jadeja,JSCA International Stadium Complex,BNJ Oxenford,C Shamshuddin,
2014,Bangalore,Royal Challengers Bangalore,Delhi Daredevils,Delhi Daredevils,field,normal,0,Royal Challengers Bangalore,16,0,Yuvraj Singh,M Chinnaswamy Stadium,K Srinath,RJ Tucker,
2014,Hyderabad,Sunrisers Hyderabad,Kings XI Punjab,Kings XI Punjab,field,normal,0,Kings XI Punjab,0,6,WP Saha,"Rajiv Gandhi International Stadium, Uppal",VA Kulkarni,PG Pathak,
2014,Cuttack,Mumbai Indians,Kolkata Knight Riders,Kolkata Knight Riders,field,normal,0,Kolkata Knight Riders,0,6,RV Uthappa,Barabati Stadium,AK Chaudhary,NJ Llong,
2014,Ahmedabad,Rajasthan Royals,Delhi Daredevils,Delhi Daredevils,field,normal,0,Rajasthan Royals,62,0,AM Rahane,"Sardar Patel Stadium, Motera",S Ravi,RJ Tucker,
2014,Ranchi,Chennai Super Kings,Royal Challengers Bangalore,Chennai Super Kings,bat,normal,0,Royal Challengers Bangalore,0,5,AB de Villiers,JSCA International Stadium Complex,BNJ Oxenford,C Shamshuddin,
2014,Hyderabad,Sunrisers Hyderabad,Kolkata Knight Riders,Sunrisers Hyderabad,bat,normal,0,Kolkata Knight Riders,0,7,UT Yadav,"Rajiv Gandhi International Stadium, Uppal",NJ Llong,CK Nandan,
2014,Ahmedabad,Mumbai Indians,Rajasthan Royals,Mumbai Indians,bat,normal,0,Mumbai Indians,25,0,MEK Hussey,"Sardar Patel Stadium, Motera",S Ravi,RJ Tucker,
2014,Delhi,Delhi Daredevils,Kings XI Punjab,Kings XI Punjab,field,normal,0,Kings XI Punjab,0,4,AR Patel,Feroz Shah Kotla,HDPK Dharmasena,PG Pathak,
2014,Hyderabad,Royal Challengers Bangalore,Sunrisers Hyderabad,Royal Challengers Bangalore,bat,normal,0,Sunrisers Hyderabad,0,7,DA Warner,"Rajiv Gandhi International Stadium, Uppal",AK Chaudhary,NJ Llong,
2014,Kolkata,Chennai Super Kings,Kolkata Knight Riders,Kolkata Knight Riders,field,normal,0,Kolkata Knight Riders,0,8,RV Uthappa,Eden Gardens,RM Deshpande,C Shamshuddin,
2014,Chandigarh,Kings XI Punjab,Mumbai Indians,Mumbai Indians,field,normal,0,Mumbai Indians,0,7,LMP Simmons,"Punjab Cricket Association Stadium, Mohali",HDPK Dharmasena,VA Kulkarni,
2014,Kolkata,Kolkata Knight Riders,Royal Challengers Bangalore,Royal Challengers Bangalore,field,normal,0,Kolkata Knight Riders,30,0,RV Uthappa,Eden Gardens,AK Chaudhary,CK Nandan,
2014,Ranchi,Chennai Super Kings,Sunrisers Hyderabad,Sunrisers Hyderabad,field,normal,0,Sunrisers Hyderabad,0,6,DA Warner,JSCA International Stadium Complex,BNJ Oxenford,C Shamshuddin,
2014,Mumbai,Mumbai Indians,Delhi Daredevils,Delhi Daredevils,field,normal,0,Mumbai Indians,15,0,MEK Hussey,Wankhede Stadium,S Ravi,RJ Tucker,
2014,Chandigarh,Kings XI Punjab,Rajasthan Royals,Rajasthan Royals,field,normal,0,Kings XI Punjab,16,0,SE Marsh,"Punjab Cricket Association Stadium, Mohali",HDPK Dharmasena,PG Pathak,
2014,Bangalore,Royal Challengers Bangalore,Chennai Super Kings,Chennai Super Kings,field,normal,0,Chennai Super Kings,0,8,MS Dhoni,M Chinnaswamy Stadium,AK Chaudhary,NJ Llong,
2014,Kolkata,Sunrisers Hyderabad,Kolkata Knight Riders,Kolkata Knight Riders,field,normal,0,Kolkata Knight Riders,0,4,YK Pathan,Eden Gardens,RM Deshpande,BNJ Oxenford,
2014,Chandigarh,Delhi Daredevils,Kings XI Punjab,Kings XI Punjab,field,normal,0,Kings XI Punjab,0,7,M Vohra,"Punjab Cricket Association Stadium, Mohali",HDPK Dharmasena,VA Kulkarni,
2014,Mumbai,Rajasthan Royals,Mumbai Indians,Mumbai Indians,field,normal,0,Mumbai Indians,0,5,CJ Anderson,Wankhede Stadium,K Srinath,RJ Tucker,
2014,Kolkata,Kolkata Knight Riders,Kings XI Punjab,Kings XI Punjab,field,normal,0,Kolkata Knight Riders,28,0,UT Yadav,Eden Gardens,NJ Llong,S Ravi,
2014,Mumbai,Mumbai Indians,Chennai Super Kings,Chennai Super Kings,field,normal,0,Chennai Super Kings,0,7,SK Raina,Brabourne Stadium,VA Kulkarni,BNJ Oxenford,
2014,Mumbai,Kings XI Punjab,Chennai Super Kings,Chennai Super Kings,field,normal,0,Kings XI Punjab,24,0,V Sehwag,Wankhede Stadium,HDPK Dharmasena,RJ Tucker,
2014,Bangalore,Kings XI Punjab,Kolkata Knight Riders,Kolkata Knight Riders,field,normal,0,Kolkata Knight Riders,0,3,MK Pandey,M Chinnaswamy Stadium,HDPK Dharmasena,BNJ Oxenford,
2015,Kolkata,Mumbai Indians,Kolkata Knight Riders,Kolkata Knight Riders,field,normal,0,Kolkata Knight Riders,0,7,M Morkel,Eden Gardens,S Ravi,C Shamshuddin,
2015,Chennai,Chennai Super Kings,Delhi Daredevils,Delhi Daredevils,field,normal,0,Chennai Super Kings,1,0,A Nehra,"MA Chidambaram Stadium, Chepauk",RK Illingworth,VA Kulkarni,
2015,Pune,Rajasthan Royals,Kings XI Punjab,Kings XI Punjab,field,normal,0,Rajasthan Royals,26,0,JP Faulkner,Maharashtra Cricket Association Stadium,SD Fry,CB Gaffaney,
2015,Chennai,Chennai Super Kings,Sunrisers Hyderabad,Chennai Super Kings,bat,normal,0,Chennai Super Kings,45,0,BB McCullum,"MA Chidambaram Stadium, Chepauk",RK Illingworth,VA Kulkarni,
2015,Kolkata,Kolkata Knight Riders,Royal Challengers Bangalore,Royal Challengers Bangalore,field,normal,0,Royal Challengers Bangalore,0,3,CH Gayle,Eden Gardens,S Ravi,C Shamshuddin,
2015,Delhi,Delhi Daredevils,Rajasthan Royals,Rajasthan Royals,field,normal,0,Rajasthan Royals,0,3,DJ Hooda,Feroz Shah Kotla,SD Fry,CB Gaffaney,
2015,Mumbai,Kings XI Punjab,Mumbai Indians,Mumbai Indians,field,normal,0,Kings XI Punjab,18,0,GJ Bailey,Wankhede Stadium,AK Chaudhary,K Srinivasan,
2015,Bangalore,Royal Challengers Bangalore,Sunrisers Hyderabad,Sunrisers Hyderabad,field,normal,0,Sunrisers Hyderabad,0,8,DA Warner,M Chinnaswamy Stadium,RM Deshpande,RK Illingworth,
2015,Ahmedabad,Mumbai Indians,Rajasthan Royals,Mumbai Indians,bat,normal,0,Rajasthan Royals,0,7,SPD Smith,"Sardar Patel Stadium, Motera",AK Chaudhary,SD Fry,
2015,Kolkata,Chennai Super Kings,Kolkata Knight Riders,Kolkata Knight Riders,field,normal,0,Kolkata Knight Riders,0,7,AD Russell,Eden Gardens,AK Chaudhary,M Erasmus,
2015,Pune,Kings XI Punjab,Delhi Daredevils,Kings XI Punjab,bat,normal,0,Delhi Daredevils,0,5,MA Agarwal,Maharashtra Cricket Association Stadium,CB Gaffaney,K Srinath,
2015,Visakhapatnam,Sunrisers Hyderabad,Rajasthan Royals,Rajasthan Royals,field,normal,0,Rajasthan Royals,0,6,AM Rahane,Dr. Y.S. Rajasekhara Reddy ACA-VDCA Cricket Stadium,PG Pathak,S Ravi,
2015,Mumbai,Mumbai Indians,Chennai Super Kings,Mumbai Indians,bat,normal,0,Chennai Super Kings,0,6,A Nehra,Wankhede Stadium,AK Chaudhary,M Erasmus,
2015,Visakhapatnam,Delhi Daredevils,Sunrisers Hyderabad,Delhi Daredevils,bat,normal,0,Delhi Daredevils,4,0,JP Duminy,Dr. Y.S. Rajasekhara Reddy ACA-VDCA Cricket Stadium,PG Pathak,S Ravi,
2015,Pune,Kings XI Punjab,Kolkata Knight Riders,Kolkata Knight Riders,field,normal,0,Kolkata Knight Riders,0,4,AD Russell,Maharashtra Cricket Association Stadium,SD Fry,CK Nandan,
2015,Ahmedabad,Chennai Super Kings,Rajasthan Royals,Chennai Super Kings,bat,normal,0,Rajasthan Royals,0,8,AM Rahane,"Sardar Patel Stadium, Motera",AK Chaudhary,M Erasmus,
2015,Bangalore,Mumbai Indians,Royal Challengers Bangalore,Royal Challengers Bangalore,field,normal,0,Mumbai Indians,18,0,Harbhajan Singh,M Chinnaswamy Stadium,RK Illingworth,VA Kulkarni,
2015,Delhi,Delhi Daredevils,Kolkata Knight Riders,Kolkata Knight Riders,field,normal,0,Kolkata Knight Riders,0,6,UT Yadav,Feroz Shah Kotla,SD Fry,CB Gaffaney,
2015,Ahmedabad,Rajasthan Royals,Kings XI Punjab,Kings XI Punjab,field,tie,0,Kings XI Punjab,0,0,SE Marsh,"Sardar Patel Stadium, Motera",M Erasmus,S Ravi,
2015,Visakhapatnam,Sunrisers Hyderabad,Kolkata Knight Riders,Kolkata Knight Riders,field,normal,1,Sunrisers Hyderabad,16,0,DA Warner,Dr. Y.S. Rajasekhara Reddy ACA-VDCA Cricket Stadium,RK Illingworth,VA Kulkarni,
2015,Bangalore,Chennai Super Kings,Royal Challengers Bangalore,Royal Challengers Bangalore,field,normal,0,Chennai Super Kings,27,0,SK Raina,M Chinnaswamy Stadium,JD Cloete,C Shamshuddin,
2015,Delhi,Delhi Daredevils,Mumbai Indians,Mumbai Indians,field,normal,0,Delhi Daredevils,37,0,SS Iyer,Feroz Shah Kotla,SD Fry,CK Nandan,
2015,Ahmedabad,Rajasthan Royals,Royal Challengers Bangalore,Royal Challengers Bangalore,field,normal,0,Royal Challengers Bangalore,0,9,MA Starc,"Sardar Patel Stadium, Motera",M Erasmus,S Ravi,
2015,Mumbai,Mumbai Indians,Sunrisers Hyderabad,Mumbai Indians,bat,normal,0,Mumbai Indians,20,0,SL Malinga,Wankhede Stadium,HDPK Dharmasena,CB Gaffaney,
2015,Chennai,Chennai Super Kings,Kings XI Punjab,Chennai Super Kings,bat,normal,0,Chennai Super Kings,97,0,BB McCullum,"MA Chidambaram Stadium, Chepauk",JD Cloete,C Shamshuddin,
2015,Delhi,Delhi Daredevils,Royal Challengers Bangalore,Royal Challengers Bangalore,field,normal,0,Royal Challengers Bangalore,0,10,VR Aaron,Feroz Shah Kotla,M Erasmus,S Ravi,
2015,Chandigarh,Sunrisers Hyderabad,Kings XI Punjab,Kings XI Punjab,field,normal,0,Sunrisers Hyderabad,20,0,TA Boult,"Punjab Cricket Association Stadium, Mohali",HDPK Dharmasena,CB Gaffaney,
2015,Kolkata,Kolkata Knight Riders,Delhi Daredevils,Kolkata Knight Riders,bat,normal,0,Kolkata Knight Riders,13,0,PP Chawla,Eden Gardens,AK Chaudhary,M Erasmus,
2015,Bangalore,Royal Challengers Bangalore,Rajasthan Royals,Rajasthan Royals,field,no result,0,,0,0,,M Chinnaswamy Stadium,JD Cloete,PG Pathak,
2015,Chennai,Chennai Super Kings,Kolkata Knight Riders,Kolkata Knight Riders,field,normal,0,Chennai Super Kings,2,0,DJ Bravo,"MA Chidambaram Stadium, Chepauk",RM Deshpande,VA Kulkarni,
2015,Delhi,Kings XI Punjab,Delhi Daredevils,Delhi Daredevils,field,normal,0,Delhi Daredevils,0,9,NM Coulter-Nile,Feroz Shah Kotla,RK Illingworth,S Ravi,
2015,Mumbai,Mumbai Indians,Rajasthan Royals,Rajasthan Royals,field,normal,0,Mumbai Indians,8,0,AT Rayudu,Wankhede Stadium,HDPK Dharmasena,CK Nandan,
2015,Bangalore,Kolkata Knight Riders,Royal Challengers Bangalore,Royal Challengers Bangalore,field,normal,0,Royal Challengers Bangalore,0,7,Mandeep Singh,M Chinnaswamy Stadium,JD Cloete,PG Pathak,
2015,Hyderabad,Sunrisers Hyderabad,Chennai Super Kings,Chennai Super Kings,field,normal,0,Sunrisers Hyderabad,22,0,DA Warner,"Rajiv Gandhi International Stadium, Uppal",AK Chaudhary,K Srinivasan,
2015,Chandigarh,Mumbai Indians,Kings XI Punjab,Mumbai Indians,bat,normal,0,Mumbai Indians,23,0,LMP Simmons,"Punjab Cricket Association Stadium, Mohali",RK Illingworth,VA Kulkarni,
2015,Mumbai,Rajasthan Royals,Delhi Daredevils,Delhi Daredevils,field,normal,0,Rajasthan Royals,14,0,AM Rahane,Brabourne Stadium,HDPK Dharmasena,CB Gaffaney,
2015,Chennai,Chennai Super Kings,Royal Challengers Bangalore,Chennai Super Kings,bat,normal,0,Chennai Super Kings,24,0,SK Raina,"MA Chidambaram Stadium, Chepauk",C Shamshuddin,K Srinath,
2015,Kolkata,Kolkata Knight Riders,Sunrisers Hyderabad,Sunrisers Hyderabad,field,normal,0,Kolkata Knight Riders,35,0,UT Yadav,Eden Gardens,AK Chaudhary,M Erasmus,
2015,Mumbai,Delhi Daredevils,Mumbai Indians,Delhi Daredevils,bat,normal,0,Mumbai Indians,0,5,Harbhajan Singh,Wankhede Stadium,HDPK Dharmasena,CB Gaffaney,
2015,Bangalore,Royal Challengers Bangalore,Kings XI Punjab,Kings XI Punjab,field,normal,0,Royal Challengers Bangalore,138,0,CH Gayle,M Chinnaswamy Stadium,RK Illingworth,VA Kulkarni,
2015,Mumbai,Sunrisers Hyderabad,Rajasthan Royals,Rajasthan Royals,field,normal,0,Sunrisers Hyderabad,7,0,EJG Morgan,Brabourne Stadium,JD Cloete,C Shamshuddin,
2015,Chennai,Chennai Super Kings,Mumbai Indians,Chennai Super Kings,bat,normal,0,Mumbai Indians,0,6,HH Pandya,"MA Chidambaram Stadium, Chepauk",CB Gaffaney,CK Nandan,
2015,Kolkata,Kings XI Punjab,Kolkata Knight Riders,Kings XI Punjab,bat,normal,0,Kolkata Knight Riders,0,1,AD Russell,Eden Gardens,AK Chaudhary,HDPK Dharmasena,
2015,Raipur,Sunrisers Hyderabad,Delhi Daredevils,Sunrisers Hyderabad,bat,normal,0,Sunrisers Hyderabad,6,0,MC Henriques,Shaheed Veer Narayan Singh International Stadium,VA Kulkarni,S Ravi,
2015,Mumbai,Royal Challengers Bangalore,Mumbai Indians,Royal Challengers Bangalore,bat,normal,0,Royal Challengers Bangalore,39,0,AB de Villiers,Wankhede Stadium,JD Cloete,C Shamshuddin,
2015,Chennai,Chennai Super Kings,Rajasthan Royals,Chennai Super Kings,bat,normal,0,Chennai Super Kings,12,0,RA Jadeja,"MA Chidambaram Stadium, Chepauk",M Erasmus,CK Nandan,
2015,Hyderabad,Sunrisers Hyderabad,Kings XI Punjab,Sunrisers Hyderabad,bat,normal,0,Sunrisers Hyderabad,5,0,DA Warner,"Rajiv Gandhi International Stadium, Uppal",AK Chaudhary,HDPK Dharmasena,
2015,Raipur,Chennai Super Kings,Delhi Daredevils,Chennai Super Kings,bat,normal,0,Delhi Daredevils,0,6,Z Khan,Shaheed Veer Narayan Singh International Stadium,RK Illingworth,VA Kulkarni,
2015,Chandigarh,Kings XI Punjab,Royal Challengers Bangalore,Royal Challengers Bangalore,field,normal,0,Kings XI Punjab,22,0,AR Patel,"Punjab Cricket Association Stadium, Mohali",JD Cloete,C Shamshuddin,
2015,Mumbai,Mumbai Indians,Kolkata Knight Riders,Kolkata Knight Riders,field,normal,0,Mumbai Indians,5,0,HH Pandya,Wankhede Stadium,RK Illingworth,VA Kulkarni,
2015,Hyderabad,Sunrisers Hyderabad,Royal Challengers Bangalore,Sunrisers Hyderabad,bat,normal,1,Royal Challengers Bangalore,0,6,V Kohli,"Rajiv Gandhi International Stadium, Uppal",AK Chaudhary,HDPK Dharmasena,
2015,Chandigarh,Kings XI Punjab,Chennai Super Kings,Kings XI Punjab,bat,normal,0,Chennai Super Kings,0,7,P Negi,"Punjab Cricket Association Stadium, Mohali",CK Nandan,C Shamshuddin,
2015,Mumbai,Rajasthan Royals,Kolkata Knight Riders,Rajasthan Royals,bat,normal,0,Rajasthan Royals,9,0,SR Watson,Brabourne Stadium,RM Deshpande,RK Illingworth,
2015,Bangalore,Delhi Daredevils,Royal Challengers Bangalore,Royal Challengers Bangalore,field,no result,0,,0,0,,M Chinnaswamy Stadium,HDPK Dharmasena,K Srinivasan,
2015,Hyderabad,Sunrisers Hyderabad,Mumbai Indians,Sunrisers Hyderabad,bat,normal,0,Mumbai Indians,0,9,MJ McClenaghan,"Rajiv Gandhi International Stadium, Uppal",CB Gaffaney,K Srinath,
2015,Mumbai,Mumbai Indians,Chennai Super Kings,Mumbai Indians,bat,normal,0,Mumbai Indians,25,0,KA Pollard,Wankhede Stadium,HDPK Dharmasena,RK Illingworth,
2015,Pune,Royal Challengers Bangalore,Rajasthan Royals,Royal Challengers Bangalore,bat,normal,0,Royal Challengers Bangalore,71,0,AB de Villiers,Maharashtra Cricket Association Stadium,AK Chaudhary,C Shamshuddin,
2015,Ranchi,Royal Challengers Bangalore,Chennai Super Kings,Chennai Super Kings,field,normal,0,Chennai Super Kings,0,3,A Nehra,JSCA International Stadium Complex,AK Chaudhary,CB Gaffaney,
2015,Kolkata,Mumbai Indians,Chennai Super Kings,Chennai Super Kings,field,normal,0,Mumbai Indians,41,0,RG Sharma,Eden Gardens,HDPK Dharmasena,RK Illingworth,
2016,Mumbai,Mumbai Indians,Rising Pune Supergiants,Mumbai Indians,bat,normal,0,Rising Pune Supergiants,0,9,AM Rahane,Wankhede Stadium,HDPK Dharmasena,CK Nandan,
2016,Kolkata,Delhi Daredevils,Kolkata Knight Riders,Kolkata Knight Riders,field,normal,0,Kolkata Knight Riders,0,9,AD Russell,Eden Gardens,S Ravi,C Shamshuddin,
2016,Chandigarh,Kings XI Punjab,Gujarat Lions,Gujarat Lions,field,normal,0,Gujarat Lions,0,5,AJ Finch,"Punjab Cricket Association IS Bindra Stadium, Mohali",AK Chaudhary,VA Kulkarni,
2016,Bangalore,Royal Challengers Bangalore,Sunrisers Hyderabad,Sunrisers Hyderabad,field,normal,0,Royal Challengers Bangalore,45,0,AB de Villiers,M Chinnaswamy Stadium,HDPK Dharmasena,VK Sharma,
2016,Kolkata,Kolkata Knight Riders,Mumbai Indians,Mumbai Indians,field,normal,0,Mumbai Indians,0,6,RG Sharma,Eden Gardens,Nitin Menon,S Ravi,
2016,Rajkot,Rising Pune Supergiants,Gujarat Lions,Rising Pune Supergiants,bat,normal,0,Gujarat Lions,0,7,AJ Finch,Saurashtra Cricket Association Stadium,VA Kulkarni,CK Nandan,
2016,Delhi,Kings XI Punjab,Delhi Daredevils,Delhi Daredevils,field,normal,0,Delhi Daredevils,0,8,A Mishra,Feroz Shah Kotla,S Ravi,C Shamshuddin,
2016,Hyderabad,Sunrisers Hyderabad,Kolkata Knight Riders,Sunrisers Hyderabad,bat,normal,0,Kolkata Knight Riders,0,8,G Gambhir,"Rajiv Gandhi International Stadium, Uppal",AK Chaudhary,CK Nandan,
2016,Mumbai,Mumbai Indians,Gujarat Lions,Gujarat Lions,field,normal,0,Gujarat Lions,0,3,AJ Finch,Wankhede Stadium,HDPK Dharmasena,VK Sharma,
2016,Chandigarh,Rising Pune Supergiants,Kings XI Punjab,Rising Pune Supergiants,bat,normal,0,Kings XI Punjab,0,6,M Vohra,"Punjab Cricket Association IS Bindra Stadium, Mohali",S Ravi,C Shamshuddin,
2016,Bangalore,Royal Challengers Bangalore,Delhi Daredevils,Delhi Daredevils,field,normal,0,Delhi Daredevils,0,7,Q de Kock,M Chinnaswamy Stadium,VA Kulkarni,A Nand Kishore,
2016,Hyderabad,Mumbai Indians,Sunrisers Hyderabad,Sunrisers Hyderabad,field,normal,0,Sunrisers Hyderabad,0,7,DA Warner,"Rajiv Gandhi International Stadium, Uppal",HDPK Dharmasena,VK Sharma,
2016,Chandigarh,Kings XI Punjab,Kolkata Knight Riders,Kolkata Knight Riders,field,normal,0,Kolkata Knight Riders,0,6,RV Uthappa,"Punjab Cricket Association IS Bindra Stadium, Mohali",S Ravi,C Shamshuddin,
2016,Mumbai,Royal Challengers Bangalore,Mumbai Indians,Mumbai Indians,field,normal,0,Mumbai Indians,0,6,RG Sharma,Wankhede Stadium,AK Chaudhary,CK Nandan,
2016,Rajkot,Gujarat Lions,Sunrisers Hyderabad,Sunrisers Hyderabad,field,normal,0,Sunrisers Hyderabad,0,10,B Kumar,Saurashtra Cricket Association Stadium,K Bharatan,HDPK Dharmasena,
2016,Pune,Royal Challengers Bangalore,Rising Pune Supergiants,Rising Pune Supergiants,field,normal,0,Royal Challengers Bangalore,13,0,AB de Villiers,Maharashtra Cricket Association Stadium,CB Gaffaney,VK Sharma,
2016,Delhi,Delhi Daredevils,Mumbai Indians,Mumbai Indians,field,normal,0,Delhi Daredevils,10,0,SV Samson,Feroz Shah Kotla,S Ravi,C Shamshuddin,
2016,Hyderabad,Kings XI Punjab,Sunrisers Hyderabad,Sunrisers Hyderabad,field,normal,0,Sunrisers Hyderabad,0,5,Mustafizur Rahman,"Rajiv Gandhi International Stadium, Uppal",AK Chaudhary,CK Nandan,
2016,Rajkot,Royal Challengers Bangalore,Gujarat Lions,Royal Challengers Bangalore,bat,normal,0,Gujarat Lions,0,6,V Kohli,Saurashtra Cricket Association Stadium,K Bharatan,BNJ Oxenford,
2016,Pune,Rising Pune Supergiants,Kolkata Knight Riders,Kolkata Knight Riders,field,normal,0,Kolkata Knight Riders,0,2,SA Yadav,Maharashtra Cricket Association Stadium,CB Gaffaney,A Nand Kishore,
2016,Chandigarh,Mumbai Indians,Kings XI Punjab,Kings XI Punjab,field,normal,0,Mumbai Indians,25,0,PA Patel,"Punjab Cricket Association IS Bindra Stadium, Mohali",Nitin Menon,RJ Tucker,
2016,Hyderabad,Sunrisers Hyderabad,Rising Pune Supergiants,Rising Pune Supergiants,field,normal,1,Rising Pune Supergiants,34,0,AB Dinda,"Rajiv Gandhi International Stadium, Uppal",AY Dandekar,CK Nandan,
2016,Delhi,Gujarat Lions,Delhi Daredevils,Delhi Daredevils,field,normal,0,Gujarat Lions,1,0,CH Morris,Feroz Shah Kotla,M Erasmus,S Ravi,
2016,Mumbai,Kolkata Knight Riders,Mumbai Indians,Mumbai Indians,field,normal,0,Mumbai Indians,0,6,RG Sharma,Wankhede Stadium,Nitin Menon,RJ Tucker,
2016,Pune,Rising Pune Supergiants,Gujarat Lions,Gujarat Lions,field,normal,0,Gujarat Lions,0,3,DR Smith,Maharashtra Cricket Association Stadium,CB Gaffaney,BNJ Oxenford,
2016,Delhi,Delhi Daredevils,Kolkata Knight Riders,Kolkata Knight Riders,field,normal,0,Delhi Daredevils,27,0,CR Brathwaite,Feroz Shah Kotla,KN Ananthapadmanabhan,M Erasmus,
2016,Hyderabad,Sunrisers Hyderabad,Royal Challengers Bangalore,Royal Challengers Bangalore,field,normal,0,Sunrisers Hyderabad,15,0,DA Warner,"Rajiv Gandhi International Stadium, Uppal",AK Chaudhary,HDPK Dharmasena,
2016,Rajkot,Kings XI Punjab,Gujarat Lions,Gujarat Lions,field,normal,0,Kings XI Punjab,23,0,AR Patel,Saurashtra Cricket Association Stadium,BNJ Oxenford,VK Sharma,
2016,Pune,Rising Pune Supergiants,Mumbai Indians,Mumbai Indians,field,normal,0,Mumbai Indians,0,8,RG Sharma,Maharashtra Cricket Association Stadium,AY Dandekar,RJ Tucker,
2016,Bangalore,Royal Challengers Bangalore,Kolkata Knight Riders,Kolkata Knight Riders,field,normal,0,Kolkata Knight Riders,0,5,AD Russell,M Chinnaswamy Stadium,M Erasmus,S Ravi,
2016,Rajkot,Gujarat Lions,Delhi Daredevils,Delhi Daredevils,field,normal,0,Delhi Daredevils,0,8,RR Pant,Saurashtra Cricket Association Stadium,CB Gaffaney,BNJ Oxenford,
2016,Kolkata,Kolkata Knight Riders,Kings XI Punjab,Kings XI Punjab,field,normal,0,Kolkata Knight Riders,7,0,AD Russell,Eden Gardens,AK Chaudhary,HDPK Dharmasena,
2016,Delhi,Delhi Daredevils,Rising Pune Supergiants,Rising Pune Supergiants,field,normal,0,Rising Pune Supergiants,0,7,AM Rahane,Feroz Shah Kotla,C Shamshuddin,RJ Tucker,
2016,Hyderabad,Gujarat Lions,Sunrisers Hyderabad,Sunrisers Hyderabad,field,normal,0,Sunrisers Hyderabad,0,5,B Kumar,"Rajiv Gandhi International Stadium, Uppal",M Erasmus,S Ravi,
2016,Bangalore,Rising Pune Supergiants,Royal Challengers Bangalore,Royal Challengers Bangalore,field,normal,0,Royal Challengers Bangalore,0,7,V Kohli,M Chinnaswamy Stadium,CB Gaffaney,BNJ Oxenford,
2016,Chandigarh,Kings XI Punjab,Delhi Daredevils,Delhi Daredevils,field,normal,0,Kings XI Punjab,9,0,MP Stoinis,"Punjab Cricket Association IS Bindra Stadium, Mohali",HDPK Dharmasena,CK Nandan,
2016,Visakhapatnam,Sunrisers Hyderabad,Mumbai Indians,Mumbai Indians,field,normal,0,Sunrisers Hyderabad,85,0,A Nehra,Dr. Y.S. Rajasekhara Reddy ACA-VDCA Cricket Stadium,S Ravi,C Shamshuddin,
2016,Kolkata,Kolkata Knight Riders,Gujarat Lions,Gujarat Lions,field,normal,0,Gujarat Lions,0,5,P Kumar,Eden Gardens,M Erasmus,RJ Tucker,
2016,Chandigarh,Royal Challengers Bangalore,Kings XI Punjab,Kings XI Punjab,field,normal,0,Royal Challengers Bangalore,1,0,SR Watson,"Punjab Cricket Association IS Bindra Stadium, Mohali",AK Chaudhary,HDPK Dharmasena,
2016,Visakhapatnam,Sunrisers Hyderabad,Rising Pune Supergiants,Sunrisers Hyderabad,bat,normal,0,Sunrisers Hyderabad,4,0,A Zampa,Dr. Y.S. Rajasekhara Reddy ACA-VDCA Cricket Stadium,CB Gaffaney,VK Sharma,
2016,Bangalore,Royal Challengers Bangalore,Mumbai Indians,Mumbai Indians,field,normal,0,Mumbai Indians,0,6,KH Pandya,M Chinnaswamy Stadium,AY Dandekar,C Shamshuddin,
2016,Hyderabad,Sunrisers Hyderabad,Delhi Daredevils,Delhi Daredevils,field,normal,0,Delhi Daredevils,0,7,CH Morris,"Rajiv Gandhi International Stadium, Uppal",K Bharatan,M Erasmus,
2016,Visakhapatnam,Mumbai Indians,Kings XI Punjab,Mumbai Indians,bat,normal,0,Kings XI Punjab,0,7,MP Stoinis,Dr. Y.S. Rajasekhara Reddy ACA-VDCA Cricket Stadium,HDPK Dharmasena,CK Nandan,
2016,Bangalore,Royal Challengers Bangalore,Gujarat Lions,Gujarat Lions,field,normal,0,Royal Challengers Bangalore,144,0,AB de Villiers,M Chinnaswamy Stadium,AY Dandekar,VK Sharma,
2016,Kolkata,Rising Pune Supergiants,Kolkata Knight Riders,Rising Pune Supergiants,bat,normal,1,Kolkata Knight Riders,0,8,YK Pathan,Eden Gardens,A Nand Kishore,BNJ Oxenford,
2016,Chandigarh,Kings XI Punjab,Sunrisers Hyderabad,Kings XI Punjab,bat,normal,0,Sunrisers Hyderabad,0,7,HM Amla,"Punjab Cricket Association IS Bindra Stadium, Mohali",KN Ananthapadmanabhan,M Erasmus,
2016,Visakhapatnam,Mumbai Indians,Delhi Daredevils,Delhi Daredevils,field,normal,0,Mumbai Indians,80,0,KH Pandya,Dr. Y.S. Rajasekhara Reddy ACA-VDCA Cricket Stadium,Nitin Menon,CK Nandan,
2016,Kolkata,Kolkata Knight Riders,Royal Challengers Bangalore,Royal Challengers Bangalore,field,normal,0,Royal Challengers Bangalore,0,9,V Kohli,Eden Gardens,CB Gaffaney,A Nand Kishore,
2016,Visakhapatnam,Delhi Daredevils,Rising Pune Supergiants,Rising Pune Supergiants,field,normal,1,Rising Pune Supergiants,19,0,AB Dinda,Dr. Y.S. Rajasekhara Reddy ACA-VDCA Cricket Stadium,Nitin Menon,C Shamshuddin,
2016,Bangalore,Royal Challengers Bangalore,Kings XI Punjab,Kings XI Punjab,field,normal,1,Royal Challengers Bangalore,82,0,V Kohli,M Chinnaswamy Stadium,KN Ananthapadmanabhan,M Erasmus,
2016,Kanpur,Kolkata Knight Riders,Gujarat Lions,Gujarat Lions,field,normal,0,Gujarat Lions,0,6,DR Smith,Green Park,AK Chaudhary,CK Nandan,
2016,Raipur,Sunrisers Hyderabad,Delhi Daredevils,Delhi Daredevils,field,normal,0,Delhi Daredevils,0,6,KK Nair,Shaheed Veer Narayan Singh International Stadium,A Nand Kishore,BNJ Oxenford,
2016,Visakhapatnam,Kings XI Punjab,Rising Pune Supergiants,Kings XI Punjab,bat,normal,0,Rising Pune Supergiants,0,4,MS Dhoni,Dr. Y.S. Rajasekhara Reddy ACA-VDCA Cricket Stadium,HDPK Dharmasena,Nitin Menon,
2016,Kanpur,Mumbai Indians,Gujarat Lions,Gujarat Lions,field,normal,0,Gujarat Lions,0,6,SK Raina,Green Park,AK Chaudhary,CK Nandan,
2016,Kolkata,Kolkata Knight Riders,Sunrisers Hyderabad,Sunrisers Hyderabad,field,normal,0,Kolkata Knight Riders,22,0,YK Pathan,Eden Gardens,KN Ananthapadmanabhan,M Erasmus,
2016,Raipur,Delhi Daredevils,Royal Challengers Bangalore,Royal Challengers Bangalore,field,normal,0,Royal Challengers Bangalore,0,6,V Kohli,Shaheed Veer Narayan Singh International Stadium,A Nand Kishore,BNJ Oxenford,
2016,Bangalore,Gujarat Lions,Royal Challengers Bangalore,Royal Challengers Bangalore,field,normal,0,Royal Challengers Bangalore,0,4,AB de Villiers,M Chinnaswamy Stadium,AK Chaudhary,HDPK Dharmasena,
2016,Delhi,Sunrisers Hyderabad,Kolkata Knight Riders,Kolkata Knight Riders,field,normal,0,Sunrisers Hyderabad,22,0,MC Henriques,Feroz Shah Kotla,M Erasmus,C Shamshuddin,
2016,Delhi,Gujarat Lions,Sunrisers Hyderabad,Sunrisers Hyderabad,field,normal,0,Sunrisers Hyderabad,0,4,DA Warner,Feroz Shah Kotla,M Erasmus,CK Nandan,
2016,Bangalore,Sunrisers Hyderabad,Royal Challengers Bangalore,Sunrisers Hyderabad,bat,normal,0,Sunrisers Hyderabad,8,0,BCJ Cutting,M Chinnaswamy Stadium,HDPK Dharmasena,BNJ Oxenford,
